sum,mean,median,std,max,min,in_degree,out_degree,n_unique_in,n_unique_out,is_sar
2655.36,663.84,511.41,325.48555359646906,1150.32,482.22,4,0,1,0,0
-1412.49,-282.498,370.25,996.6984956946609,515.85,-1380.89,3,2,1,2,1
2055.34,411.06800000000004,605.01,600.7273761199833,945.75,-605.01,4,1,1,1,0
3965.09,991.2725,968.58,45.38499999999992,1059.35,968.58,4,0,1,0,0
3928.93,491.11625,368.27,699.3817632929713,1733.99,-797.44,7,1,2,1,1
2114.52,422.904,613.2,264.40066249917004,613.2,74.07,5,0,1,0,0
145.97,72.985,72.985,61.72335092977372,116.63,29.34,2,0,1,0,0
-2061.0699999999997,-412.21399999999994,-724.21,842.0447633172479,534.45,-1463.55,2,3,1,3,1
1465.04,488.34666666666664,549.57,291.47792477876146,744.35,171.12,3,0,1,0,0
6654.92,950.7028571428572,855.31,215.91406938211054,1434.61,855.31,7,0,1,0,0
1200.01,300.0025,340.015,164.19971424558977,430.46,89.52,4,0,1,0,0
61114.41,1247.2328571428573,1324.0,416.6583894011176,1342.88,-1425.14,48,1,1,1,1
1700.02,566.6733333333333,463.08,179.42891665875192,773.86,463.08,3,0,1,0,0
1996.05,285.15,377.82,555.8308672608962,705.33,-934.98,6,1,1,1,1
-171.01,-34.202,412.35,756.428248527248,699.78,-964.97,3,2,1,2,1
3953.9300000000003,790.7860000000001,791.58,65.22570413571628,864.32,686.94,5,0,2,0,1
4043.27,673.8783333333333,480.39,507.1419543448034,1523.12,102.23,6,0,2,0,1
2907.0899999999997,484.51499999999993,801.79,1099.5591592042695,1480.24,-1644.71,5,1,2,1,1
6342.27,1057.045,1112.5149999999999,379.57806932171405,1392.54,466.54,6,0,2,0,1
4706.67,784.445,673.22,382.66940498294343,1363.32,269.2,6,0,2,0,1
4118.67,1029.6675,1105.95,208.02820936514033,1184.2,722.57,4,0,1,0,0
2940.6400000000003,588.128,179.69,672.5178040914604,1728.97,179.69,5,0,1,0,0
6359.7,1589.925,1572.21,74.22782295069682,1695.03,1520.25,4,0,1,0,0
4815.860000000001,687.9800000000001,1512.63,1082.049178395634,1512.63,-913.04,5,2,1,2,1
2169.5600000000004,433.9120000000001,760.72,984.4702496114345,1197.4,-1264.09,4,1,1,1,1
1113.29,222.658,688.65,1041.989788971082,688.65,-1641.31,4,1,1,1,1
2049.84,1024.92,1024.92,493.51810686133905,1373.89,675.95,2,0,1,0,0
-1940.79,-388.158,-690.08,1278.4425167053855,1454.75,-1748.94,2,3,1,3,1
4357.34,871.4680000000001,728.72,247.27925887546655,1173.28,674.29,5,0,1,0,0
5718.25,1143.65,1144.01,331.12023058097793,1675.54,825.0,5,0,3,0,1
-689.1400000000001,-344.57000000000005,-344.57000000000005,1057.6054704850956,403.27,-1092.41,1,1,1,1,1
1359.63,1359.63,1359.63,0.0,1359.63,1359.63,1,0,1,0,0
1672.44,836.22,836.22,866.1633805466496,1448.69,223.75,2,0,2,0,0
1244.13,1244.13,1244.13,0.0,1244.13,1244.13,1,0,1,0,0
506.39,126.5975,136.65500000000003,1103.331893625697,1161.8,-928.72,2,2,2,2,1
1746.52,873.26,873.26,946.2644367194615,1542.37,204.15,2,0,2,0,0
1167.13,583.565,583.565,551.4230811727053,973.48,193.65,2,0,2,0,0
1314.35,1314.35,1314.35,0.0,1314.35,1314.35,1,0,1,0,0
3391.89,1130.6299999999999,1383.48,535.6758418110715,1493.08,515.33,3,0,2,0,1
2249.6099999999997,749.8699999999999,747.79,396.644090337925,1147.55,354.27,3,0,2,0,0
669.88,669.88,669.88,0.0,669.88,669.88,1,0,1,0,0
4202.05,1400.6833333333334,1217.49,1143.2416194459215,2624.46,360.1,3,0,2,0,0
1964.3600000000001,392.872,638.11,736.580015015341,1247.53,-709.02,4,1,3,1,1
1409.93,352.4825,704.965,987.2930975272743,1099.12,-1099.12,3,1,3,1,1
1512.0900000000001,378.02250000000004,506.815,659.322915946099,1033.92,-535.46,3,1,2,1,1
2604.4700000000003,1302.2350000000001,1302.2350000000001,122.88808750241031,1389.13,1215.34,2,0,2,0,1
4146.13,1382.0433333333333,1315.24,530.8469395535152,1943.13,887.76,3,0,3,0,1
-1453.79,-1453.79,-1453.79,0.0,-1453.79,-1453.79,0,1,0,1,1
925.47,925.47,925.47,0.0,925.47,925.47,1,0,1,0,1
2650.6,883.5333333333333,955.13,245.16531164366089,1084.93,610.54,3,0,2,0,0
2884.84,480.8066666666667,696.6,1019.8907108639959,1438.72,-1383.48,5,1,3,1,1
1428.35,714.175,714.175,498.20622482060577,1066.46,361.89,2,0,2,0,0
875.4,875.4,875.4,0.0,875.4,875.4,1,0,1,0,0
1735.1399999999999,867.5699999999999,867.5699999999999,123.63054962265595,954.99,780.15,2,0,2,0,0
1278.28,639.14,639.14,278.218234125659,835.87,442.41,2,0,2,0,1
719.18,719.18,719.18,0.0,719.18,719.18,1,0,1,0,0
1822.59,911.295,911.295,224.83874321388652,1070.28,752.31,2,0,2,0,0
463.01,77.16833333333334,-78.565,1107.7645116795657,1774.73,-1030.19,3,3,2,3,1
2125.43,708.4766666666666,455.46,634.9985159300243,1430.98,238.99,3,0,2,0,0
4027.49,805.4979999999999,692.54,379.9570635216564,1368.71,338.64,5,0,2,0,1
1546.1,773.05,773.05,256.4252031294896,954.37,591.73,2,0,2,0,0
1538.25,769.125,769.125,379.8648339212252,1037.73,500.52,2,0,2,0,0
1568.88,1568.88,1568.88,0.0,1568.88,1568.88,1,0,1,0,0
-1.3100000000000591,-0.6550000000000296,-0.6550000000000296,1237.1752375674191,874.16,-875.47,1,1,1,1,1
1063.17,1063.17,1063.17,0.0,1063.17,1063.17,1,0,1,0,0
3439.21,859.8025,928.235,432.94856902985606,1312.67,270.07,4,0,3,0,1
1228.41,1228.41,1228.41,0.0,1228.41,1228.41,1,0,1,0,0
2609.34,869.7800000000001,666.07,436.2297494440286,1370.6,572.67,3,0,3,0,1
1141.8500000000001,285.46250000000003,306.31,228.87022543718234,504.5,24.73,4,0,2,0,0
-956.5700000000004,-191.31400000000008,60.37,1199.3916310696852,1325.36,-1543.66,3,2,2,2,1
2329.04,776.3466666666667,851.11,132.64125388932862,854.73,623.2,3,0,2,0,0
1738.15,869.075,869.075,572.6787110151729,1274.02,464.13,2,0,2,0,1
1353.34,1353.34,1353.34,0.0,1353.34,1353.34,1,0,1,0,0
-418.4700000000001,-139.49000000000004,-450.71,920.7703350456073,896.56,-864.32,1,2,1,2,1
1850.03,616.6766666666666,523.84,251.17986828831116,901.06,425.13,3,0,2,0,0
2614.44,653.61,559.28,288.13496455654246,1074.36,421.52,4,0,2,0,0
1257.81,419.27,630.34,700.7362801368287,990.21,-362.74,2,1,1,1,1
1404.59,1404.59,1404.59,0.0,1404.59,1404.59,1,0,1,0,0
5042.36,1008.472,886.54,579.7503169210001,1970.44,404.54,5,0,3,0,1
-508.90999999999997,-254.45499999999998,-254.45499999999998,805.6703954161404,315.24,-824.15,1,1,1,1,1
1806.29,1806.29,1806.29,0.0,1806.29,1806.29,1,0,1,0,0
1571.87,1571.87,1571.87,0.0,1571.87,1571.87,1,0,1,0,0
-1994.1100000000001,-284.8728571428572,-828.28,1287.5026679417572,1823.22,-1822.44,3,4,2,4,1
1175.23,587.615,587.615,559.3709613932422,983.15,192.08,2,0,2,0,0
2798.0299999999997,932.6766666666666,963.89,184.87686776158165,1099.96,734.18,3,0,3,0,1
883.39,883.39,883.39,0.0,883.39,883.39,1,0,1,0,0
1933.2600000000002,966.6300000000001,966.6300000000001,263.82154006070095,1153.18,780.08,2,0,2,0,0
-2322.41,-387.0683333333333,-489.34499999999997,1170.6144434341595,1076.77,-1595.08,3,3,2,3,1
2480.4799999999996,826.8266666666665,710.25,239.730199668989,1102.55,667.68,3,0,2,0,0
1955.03,488.7575,433.30499999999995,281.62804469429767,857.65,230.77,4,0,2,0,0
-2033.2,-677.7333333333333,-1165.69,1233.640495214604,725.25,-1592.76,1,2,1,2,1
2372.09,790.6966666666667,850.4,114.59274075321406,863.11,658.58,3,0,3,0,1
-913.9899999999998,-228.49749999999995,-351.91999999999996,1196.2914468856102,1110.14,-1320.29,2,2,2,2,1
319.52,159.76,159.76,185.8700885026959,291.19,28.33,2,0,2,0,0
-1769.4499999999998,-589.8166666666666,-1087.36,1356.280430675505,944.97,-1627.06,1,2,1,2,1
2146.9700000000003,715.6566666666668,519.22,678.043073140146,1470.23,157.52,3,0,2,0,0
2597.13,865.71,733.19,464.21998976778235,1381.78,482.16,3,0,3,0,1
1486.06,1486.06,1486.06,0.0,1486.06,1486.06,1,0,1,0,0
841.47,210.3675,384.64,607.8321523455304,728.65,-656.46,3,1,2,1,1
956.43,956.43,956.43,0.0,956.43,956.43,1,0,1,0,0
1302.56,434.18666666666667,706.89,1218.3930245340923,1493.12,-897.45,2,1,2,1,1
1053.83,1053.83,1053.83,0.0,1053.83,1053.83,1,0,1,0,0
1995.61,498.9025,414.63,351.26583498114354,987.65,178.7,4,0,3,0,1
-2463.26,-492.65200000000004,-900.96,845.6601447212704,413.66,-1425.96,2,3,2,3,1
1417.87,354.4675,812.5799999999999,1449.387583093287,1544.63,-1751.92,3,1,2,1,1
3766.4500000000003,941.6125000000001,983.945,441.1195199621829,1425.14,373.42,4,0,3,0,1
1968.6999999999998,656.2333333333332,848.66,352.40243562344085,870.53,249.51,3,0,2,0,0
-883.1699999999998,-176.63399999999996,385.93,918.322310482545,658.91,-1350.04,3,2,2,2,1
567.49,283.745,283.745,102.50927006861382,356.23,211.26,2,0,1,0,0
1528.8,509.59999999999997,536.67,206.16224023811924,700.89,291.24,3,0,2,0,0
2104.52,1052.26,1052.26,253.55434959787215,1231.55,872.97,2,0,1,0,0
3469.4700000000003,1156.49,1123.25,134.67259112380668,1304.67,1041.55,3,0,2,0,0
790.1899999999999,395.09499999999997,395.09499999999997,295.2948628913141,603.9,186.29,2,0,2,0,0
1455.01,1455.01,1455.01,0.0,1455.01,1455.01,1,0,1,0,0
-363.08000000000004,-121.02666666666669,189.51,1126.6820311131858,817.82,-1370.41,2,1,2,1,1
2731.42,910.4733333333334,903.54,136.85178746853597,1050.66,777.22,3,0,2,0,0
1709.82,854.91,854.91,404.9600535855358,1141.26,568.56,2,0,2,0,0
1806.3600000000001,903.1800000000001,903.1800000000001,464.65400805330404,1231.74,574.62,2,0,2,0,0
27.38000000000011,13.690000000000055,13.690000000000055,1688.599277744723,1207.71,-1180.33,1,1,1,1,1
1015.27,1015.27,1015.27,0.0,1015.27,1015.27,1,0,1,0,0
1854.86,927.43,927.43,944.1996849183969,1595.08,259.78,2,0,2,0,1
2126.01,708.6700000000001,670.44,449.6555336032239,1176.22,279.35,3,0,2,0,0
932.08,466.04,466.04,309.4440695828569,684.85,247.23,2,0,2,0,0
2380.7200000000003,793.5733333333334,739.35,126.71716708218078,938.38,702.99,3,0,2,0,0
3207.33,1069.11,901.05,310.2212183265355,1427.1,879.18,3,0,2,0,0
-3096.59,-387.07375,-637.355,793.4958243285126,959.05,-1235.33,2,6,1,6,1
1943.72,647.9066666666666,781.87,343.48113199029336,904.22,257.63,3,0,2,0,1
1545.4699999999998,515.1566666666666,752.8,1416.5550081212284,1797.86,-1005.19,2,1,2,1,1
5549.8,924.9666666666667,902.015,396.747348354928,1448.56,531.69,6,0,5,0,1
901.48,450.74,450.74,570.4796089256828,854.13,47.35,2,0,2,0,0
5487.66,783.9514285714286,757.18,371.179832086307,1243.98,250.95,7,0,6,0,1
465.3,465.3,465.3,0.0,465.3,465.3,1,0,1,0,0
4690.74,1172.685,1196.915,108.45761768236167,1276.42,1020.49,4,0,3,0,1
2563.0,854.3333333333334,949.05,370.7528616657373,1168.54,445.41,3,0,2,0,0
489.23,163.07666666666668,64.71,883.4368473373369,1091.58,-667.06,2,1,2,1,1
2691.08,672.77,725.02,438.43768253500593,1149.58,91.46,4,0,2,0,0
-1814.4699999999998,-362.89399999999995,-573.17,665.505232045549,384.13,-1128.59,2,3,2,3,1
1232.75,616.375,616.375,430.53610586105316,920.81,311.94,2,0,2,0,0
2053.62,1026.81,1026.81,415.28381259085944,1320.46,733.16,2,0,2,0,1
5521.71,1104.342,1223.24,648.75567694626,1699.41,107.15,5,0,5,0,1
3390.75,1130.25,891.49,515.716739790362,1722.08,777.18,3,0,2,0,0
2432.69,608.1725,487.91499999999996,351.66039729403707,1121.5,335.36,4,0,2,0,0
-2568.18,-513.636,-899.95,1164.2517922597328,1200.45,-1713.11,2,3,1,3,1
771.59,771.59,771.59,0.0,771.59,771.59,1,0,1,0,0
-1539.43,-513.1433333333333,-1098.61,1565.3595606867239,1260.56,-1701.38,1,2,1,2,1
3590.07,897.5175,948.3199999999999,166.55134431059594,1036.97,656.46,4,0,4,0,1
-826.3899999999999,-275.4633333333333,-782.31,1148.452413134011,1039.22,-1083.3,1,2,1,2,1
618.2,309.1,309.1,415.3969496758492,602.83,15.37,2,0,2,0,0
2599.9700000000003,519.994,758.19,385.1996809837724,826.63,11.86,5,0,3,0,1
3175.34,1058.4466666666667,1046.85,285.97140422310287,1350.04,778.45,3,0,3,0,1
7076.36,1179.3933333333332,1223.315,267.5563990389067,1519.76,714.67,6,0,6,0,1
884.72,884.72,884.72,0.0,884.72,884.72,1,0,1,0,0
226.65999999999985,75.55333333333328,933.18,1545.6288865485576,1002.22,-1708.74,2,1,1,1,1
1873.5099999999998,624.5033333333332,638.52,449.03910278875856,1066.37,168.62,3,0,2,0,1
906.86,453.43,453.43,76.19782674066235,507.31,399.55,2,0,2,0,0
1375.1399999999999,458.37999999999994,336.58,463.5605569933663,970.68,67.88,3,0,2,0,0
1302.0,1302.0,1302.0,0.0,1302.0,1302.0,1,0,1,0,0
476.46,476.46,476.46,0.0,476.46,476.46,1,0,1,0,0
648.48,648.48,648.48,0.0,648.48,648.48,1,0,1,0,0
-475.15999999999985,-79.19333333333331,167.565,1043.434277847276,1249.84,-1791.35,4,2,2,2,1
1060.76,1060.76,1060.76,0.0,1060.76,1060.76,1,0,1,0,0
703.99,351.995,351.995,175.90695395577742,476.38,227.61,2,0,2,0,0
-1238.6,-309.65,-442.64,1192.7663029557243,1074.4,-1427.72,2,2,2,2,1
330.43,165.215,165.215,2.2980970388562794,166.84,163.59,2,0,2,0,0
905.45,905.45,905.45,0.0,905.45,905.45,1,0,1,0,0
3478.8,695.76,678.19,261.7650824689955,1116.15,419.1,5,0,3,0,0
-372.53999999999996,-93.13499999999999,211.51999999999998,660.122730028288,283.51,-1079.09,3,1,2,1,1
2325.27,1162.635,1162.635,59.36161428061053,1204.61,1120.66,2,0,2,0,0
2695.8,898.6,620.9,530.4505702702186,1510.25,564.65,3,0,3,0,0
2290.6,572.65,554.5899999999999,213.1821094745054,847.39,334.03,4,0,3,0,1
-742.1899999999999,-371.09499999999997,-371.09499999999997,1636.2380205978588,785.9,-1528.09,1,1,1,1,1
1894.42,947.21,947.21,68.75906340257988,995.83,898.59,2,0,2,0,1
4550.26,1137.565,1200.78,565.5066076537038,1747.22,401.48,4,0,3,0,0
617.3399999999998,88.19142857142855,291.32,990.4904013573035,1239.55,-1302.2,4,3,3,3,1
1312.96,1312.96,1312.96,0.0,1312.96,1312.96,1,0,1,0,0
2051.8,512.95,400.815,353.5149627196374,1005.91,244.26,4,0,3,0,0
1877.79,625.93,525.52,224.7951136034767,883.43,468.84,3,0,3,0,0
3063.08,1021.0266666666666,1147.6,311.05436266564925,1248.84,666.64,3,0,2,0,0
2591.6499999999996,863.8833333333332,646.81,974.0041068359687,1928.11,16.73,3,0,3,0,0
2146.16,715.3866666666667,786.4,340.9818502990054,1015.27,344.49,3,0,2,0,0
4060.91,676.8183333333333,570.595,358.0977458413647,1322.51,382.14,6,0,4,0,1
2626.0,875.3333333333334,1019.03,524.4727867423946,1312.98,293.99,3,0,3,0,0
2571.79,642.9475,683.8499999999999,262.8317633487246,916.27,287.82,4,0,3,0,0
2153.91,717.9699999999999,684.85,364.1015266378322,1097.5,371.56,3,0,2,0,0
2517.39,839.13,749.37,588.8633180119136,1467.72,300.3,3,0,3,0,0
3952.14,494.0175,906.265,1137.5892281079066,1854.23,-1089.36,5,3,3,3,1
-205.2299999999999,-51.307499999999976,43.105000000000004,617.4635756801098,598.32,-889.76,3,1,3,1,1
2987.85,746.9625,740.55,536.4732139554283,1397.61,109.14,4,0,4,0,1
790.01,263.33666666666664,96.29,983.8046115633599,1319.97,-626.25,2,1,2,1,1
2999.66,749.915,801.9849999999999,569.1965876273913,1355.0,40.69,4,0,2,0,0
4034.63,1008.6575,815.865,672.8173008266558,1965.24,437.66,4,0,3,0,0
128.77999999999997,64.38999999999999,64.38999999999999,1705.3011399163493,1270.22,-1141.44,1,1,1,1,1
3716.7200000000003,929.1800000000001,910.13,575.2986903629569,1620.67,275.79,4,0,4,0,1
1998.5,999.25,999.25,247.58636836465777,1174.32,824.18,2,0,2,0,0
3669.38,524.1971428571429,787.52,794.2862653291169,1490.71,-894.94,6,1,4,1,1
-582.76,-194.25333333333333,141.56,1049.5376028200862,646.28,-1370.6,2,1,2,1,1
2315.11,463.02200000000005,739.32,828.7788188775097,1208.96,-932.5,4,1,3,1,1
3544.3900000000003,1181.4633333333334,1228.63,278.0665807560005,1432.93,882.83,3,0,3,0,1
2145.36,715.12,619.8,261.92831691132596,1011.36,514.2,3,0,3,0,1
709.66,709.66,709.66,0.0,709.66,709.66,1,0,1,0,0
1458.05,729.025,729.025,917.4215511148624,1377.74,80.31,2,0,2,0,1
2236.71,1118.355,1118.355,1221.4208984825827,1982.03,254.68,2,0,2,0,0
674.37,337.185,337.185,409.888587850406,627.02,47.35,2,0,2,0,0
1088.23,1088.23,1088.23,0.0,1088.23,1088.23,1,0,1,0,0
1528.58,764.29,764.29,173.87755749377197,887.24,641.34,2,0,2,0,1
1248.4299999999998,312.10749999999996,483.66999999999996,740.1620365557351,998.78,-717.69,3,1,3,1,1
3750.84,625.14,855.075,660.3329093116594,1042.97,-707.53,5,1,5,1,1
219.64000000000033,36.60666666666672,0.0,1076.381973365713,1143.9,-1315.24,3,3,1,3,1
520.8499999999999,86.80833333333332,583.44,892.3978758920636,861.37,-1206.68,4,2,1,2,1
2053.3,410.66,694.75,1099.1633863534576,1689.69,-1328.18,4,1,1,1,0
1637.87,327.57399999999996,581.27,805.8166891297301,963.15,-992.29,4,1,2,1,1
6113.33,470.25615384615384,502.82,408.5137230158954,1272.68,-690.37,12,1,1,1,0
2153.33,358.8883333333333,119.245,973.4060681014201,1822.44,-1036.99,5,1,2,1,1
8570.81,857.0809999999999,884.005,519.5758437514202,1457.52,-358.17,9,1,7,1,1
2956.67,369.58375,598.32,828.5308172893839,1200.51,-957.19,6,2,1,2,1
-561.73,-80.24714285714286,653.99,1325.7190709537508,1636.44,-1636.44,4,3,1,3,1
2915.86,583.172,818.3,893.0968530456257,1337.04,-818.3,4,1,1,1,0
-3179.66,-289.06,-132.37,636.0599369084647,318.74,-1553.7,5,6,1,2,0
-1016.61,-338.87,149.56,845.9855759408667,149.56,-1315.73,2,1,1,1,0
2673.4,891.1333333333333,890.32,1.408734656822669,892.76,890.32,3,0,1,0,0
902.8100000000001,128.97285714285715,5.9,1075.1683314829402,1507.3,-1507.3,5,2,1,1,0
-155.25999999999976,-22.179999999999968,289.18,988.831354040381,1364.57,-1364.57,4,3,1,3,1
-2845.61,-218.89307692307693,-734.86,1011.7166812105766,1442.43,-1442.43,6,7,2,1,1
7489.24,748.924,836.0550000000001,737.1859929669491,1965.13,-215.96,8,2,6,2,1
1088.73,217.746,499.9,1017.2261260309824,932.48,-1568.49,4,1,1,1,0
3632.21,605.3683333333333,742.05,321.58714902288415,830.73,-27.12,5,1,1,1,0
-1325.65,-165.70625,19.334999999999994,707.4973018815286,825.4,-1164.75,4,4,1,3,1
5288.42,528.842,565.13,807.3856559951179,1568.88,-1568.88,9,1,1,1,0
2394.36,159.624,764.12,857.6495214813233,764.12,-1260.61,10,5,1,2,1
7516.9400000000005,751.6940000000001,1087.44,538.2169160230227,1087.44,-283.51,8,2,1,1,0
-5882.49,-490.2075,-744.0450000000001,540.6913207959703,327.99,-1320.46,3,9,1,3,1
28945.359999999997,964.8453333333332,1048.35,324.08611688374066,1080.79,-586.28,29,1,2,1,1
1102.51,367.50333333333333,1102.51,1364.3658118090373,1206.78,-1206.78,2,1,1,1,0
-1922.42,-480.605,-468.515,1686.3767294508466,979.74,-1965.13,2,2,1,2,1
7248.92,906.115,1055.5700000000002,413.4158818567915,1453.79,326.02,8,0,4,0,1
3479.1499999999996,579.8583333333332,984.3399999999999,1149.626896561083,1628.46,-1628.46,5,1,2,1,1
1471.2,294.24,292.02,365.267116505168,887.16,-66.94,4,1,1,1,0
1361.1699999999998,151.24111111111108,379.08,735.2674664440901,1166.59,-1166.59,6,3,1,2,0
2799.8,559.96,508.49,975.1381418547836,1542.19,-965.24,4,1,1,1,0
731.4699999999999,121.91166666666665,365.735,594.6910538562579,704.67,-704.67,4,2,1,2,0
1332.25,333.0625,552.925,721.655748602938,927.22,-700.82,3,1,1,1,0
-1365.6600000000003,-136.56600000000003,-589.9300000000001,923.4714636775013,1149.57,-932.52,3,7,1,1,0
224.3499999999999,44.86999999999998,223.07,946.0599933672283,923.97,-1176.22,3,2,1,1,0
323.95000000000005,53.991666666666674,98.87499999999997,867.4259579795076,1000.82,-874.62,3,3,1,3,1
5322.11,591.3455555555555,917.64,778.6149087981669,1522.84,-739.35,7,2,1,1,0
-381.20000000000005,-95.30000000000001,263.475,755.7016678998841,318.07,-1226.22,3,1,1,1,0
-354.30999999999995,-118.10333333333331,62.52,431.477817544927,193.71,-610.54,2,1,1,1,0
2763.14,690.785,715.59,337.5620963615435,981.01,350.95,4,0,1,0,0
413.5599999999999,51.694999999999986,198.40499999999997,1192.8419947096334,1255.87,-1887.2,4,4,1,4,1
-1843.8400000000001,-307.3066666666667,-18.5,697.1273549550804,482.19,-1286.9,3,3,1,3,1
1672.1,836.05,836.05,224.08213895801686,994.5,677.6,2,0,1,0,0
1683.59,336.71799999999996,595.0,757.786262523939,1075.27,-595.0,3,2,1,1,0
1544.85,386.2125,466.16999999999996,796.6340873690589,1236.25,-623.74,3,1,1,1,0
1157.53,231.506,322.01,326.860709905611,468.83,-322.01,4,1,1,1,0
5338.85,762.6928571428572,1065.5,520.9790658850662,1065.5,-347.78,6,1,1,1,0
3590.78,398.97555555555556,926.61,954.0823424384176,1141.43,-1276.42,7,2,4,1,1
2868.33,573.6659999999999,666.65,776.8531648130166,1517.97,-649.59,4,1,1,1,0
4054.96,506.87,936.42,751.954978838494,1064.33,-813.06,6,2,2,1,1
4636.0599999999995,772.6766666666666,826.665,794.9826945202434,1789.5,-598.32,5,1,1,1,0
1780.29,254.32714285714286,722.46,979.1741761592484,1260.61,-1236.25,4,3,1,1,0
-512.7399999999998,-102.54799999999996,44.24,990.5575860948217,1051.45,-1686.05,3,2,1,2,1
1575.2199999999998,315.044,280.77,546.9476744442744,804.77,-553.47,4,1,2,1,1
-1802.39,-300.39833333333337,117.82500000000002,1483.9132765955924,1404.9,-2564.09,3,3,1,3,1
2820.2200000000003,402.8885714285715,848.71,787.571294771222,907.31,-907.31,5,2,1,2,0
1076.9699999999998,269.24249999999995,580.71,1208.8468603694182,1338.6,-1423.05,3,1,1,1,0
451.2099999999999,56.40124999999999,162.215,649.7395315363468,868.12,-907.27,4,4,1,1,0
825.02,82.502,0.0,1179.1252465545049,1474.53,-1303.42,5,5,1,1,0
1297.34,259.46799999999996,978.22,1491.235009755337,1588.56,-1438.72,3,2,1,2,1
9140.63,571.289375,1132.11,876.7015482170942,1132.11,-1592.04,12,4,1,3,1
2085.1800000000003,417.03600000000006,611.61,815.0025567935355,1051.54,-1004.37,4,1,1,1,1
4168.73,595.5328571428571,784.22,529.8153641824758,1206.17,-448.4,6,1,5,1,1
-4202.59,-280.17266666666666,-502.82,639.2181160098938,1244.06,-1272.68,3,12,1,1,0
2364.37,394.06166666666667,555.74,593.523181364188,921.49,-780.08,5,1,1,1,0
1080.9799999999998,108.09799999999998,51.02000000000001,850.3558727811159,1322.79,-1101.66,5,5,1,1,0
19482.48,374.6630769230769,408.71,375.79647599041897,1636.38,-1636.38,50,2,2,2,1
466.2199999999999,93.24399999999999,105.16,366.2310840575933,459.46,-417.21,3,2,1,1,0
3717.45,371.745,804.905,765.0947026675848,959.05,-959.05,7,3,1,2,0
2731.79,546.358,860.71,915.3731199188669,1086.52,-1074.4,4,1,1,1,0
2170.4900000000002,155.03500000000003,165.24,478.4015365416217,1311.7,-1124.09,13,1,1,1,0
3003.73,429.1042857142857,520.34,719.9903488671946,1113.58,-1113.58,6,1,2,1,1
728.3899999999999,121.39833333333331,346.30499999999995,801.0150598688308,827.81,-1231.74,4,2,2,1,1
6408.15,640.8149999999999,602.72,614.888305110051,1713.11,-785.9,9,1,5,1,1
-197.29000000000008,-32.88166666666668,-66.42,617.2768689467204,784.74,-849.19,3,3,1,2,0
4475.84,406.8945454545455,575.22,495.5466503844747,1015.35,-689.26,9,2,1,1,0
208.8599999999999,52.214999999999975,421.48,799.1728179186276,510.78,-1144.88,3,1,1,1,0
6729.79,841.22375,990.95,657.2223375896361,1442.43,-696.36,7,1,1,1,0
1642.35,328.46999999999997,403.85,312.7201704399638,631.92,-11.86,4,1,1,1,0
34745.88,1286.8844444444444,1515.02,606.9767152442653,1515.02,-791.2,25,2,1,2,1
16.690000000000055,8.345000000000027,8.345000000000027,2234.7614844654004,1588.56,-1571.87,1,1,1,1,0
2611.84,652.96,1133.1,1116.6108598791254,1341.47,-995.83,3,1,1,1,0
-999.49,-249.8725,165.99,895.3439759993548,259.78,-1591.25,3,1,1,1,0
4442.48,634.64,673.96,729.4365367414313,1496.59,-684.85,6,1,4,1,1
1943.63,176.6936363636364,154.74,537.2902381073516,1015.19,-943.64,9,2,2,2,1
1413.85,157.09444444444443,70.09,844.2408743082615,1730.6,-1575.24,8,1,2,1,1
3689.41,737.882,961.17,857.5762725962047,1767.07,-589.01,4,1,1,1,0
142347.3,616.2220779220779,632.51,162.99894358956945,632.51,-1585.47,229,2,1,2,1
-666.9100000000001,-333.45500000000004,-333.45500000000004,647.0239179891266,124.06,-790.97,1,1,1,1,0
2921.08,973.6933333333333,849.26,424.48636872499605,1446.49,625.33,3,0,1,0,0
1473.7,294.74,320.64,900.9244870964492,1670.91,-826.63,3,2,1,1,0
21465.68,1022.1752380952381,1165.58,502.53605872234726,1165.58,-1028.7,20,1,1,1,0
-563.2000000000002,-80.45714285714288,-230.77,891.9066067086151,1074.31,-1191.71,3,4,1,3,1
2704.39,540.8779999999999,854.1,942.9693509441333,1264.24,-1113.64,4,1,1,1,0
23031.46,639.7627777777777,662.72,355.97327526183045,1557.71,-1142.01,35,1,5,1,1
4927.759999999999,379.0584615384615,597.83,929.460076109119,1145.81,-1566.0,9,4,1,4,1
4317.14,863.4280000000001,848.59,464.9223088000833,1553.7,242.01,5,0,1,0,0
6222.43,888.9185714285715,1009.53,623.041645676771,1641.31,-402.63,6,1,5,1,1
-2156.6600000000003,-269.58250000000004,-801.845,1472.2983671287554,1876.52,-1943.13,3,5,1,2,1
2133.19,533.2975,683.2,676.248113558675,1106.71,-339.92,3,1,1,1,0
3299.34,549.89,773.84,494.91066567614,773.84,-456.06,5,1,1,1,0
1962.04,981.02,981.02,162.33757482480752,1095.81,866.23,2,0,1,0,0
-320.45000000000005,-80.11250000000001,-52.595,961.2347469921174,951.73,-1166.99,2,2,1,2,1
2289.65,327.09285714285716,623.09,808.1508155188668,1185.22,-959.74,5,2,2,2,1
7671.48,852.3866666666667,946.33,744.2665411329466,1644.71,-943.06,8,1,2,1,1
1718.4699999999998,245.49571428571426,586.84,959.8442032062137,1461.26,-1461.26,5,2,1,2,0
3961.29,565.8985714285715,791.57,387.54975007210675,795.01,-47.35,6,1,1,1,0
1764.1399999999999,252.01999999999998,373.96,443.6861949621602,804.28,-519.22,5,2,1,1,0
15914.9,294.72037037037035,405.77,337.8740430763599,985.25,-804.74,47,7,1,2,1
4025.26,365.9327272727273,200.95,521.1066191690701,1421.38,-691.99,10,1,3,1,1
-2236.77,-279.59625,-248.25,910.1121005354623,907.27,-1591.97,4,4,1,4,1
-3302.3,-660.46,-810.17,782.5648029716133,624.2,-1519.76,1,4,1,4,1
-783.4799999999998,-130.57999999999996,-455.5,1160.004401026134,1292.88,-1365.82,2,4,1,3,1
3351.19,372.3544444444444,783.59,653.0787992675753,851.11,-851.11,7,2,1,1,0
24975.51,1469.1476470588234,1727.87,615.3107840202523,1727.87,-410.0,16,1,1,1,0
-380.73,-76.146,457.78,817.5979181602653,639.11,-1002.22,3,2,1,1,0
1485.9499999999998,371.48749999999995,742.9749999999999,1256.8013144056092,1432.93,-1432.93,3,1,1,1,0
5006.25,333.75,323.44,214.94828205208537,736.1,-277.19,14,1,2,1,1
5758.54,719.8175,775.9300000000001,609.7638022510964,1592.04,-82.41,7,1,5,1,1
1220.74,305.185,517.605,553.7925107535011,700.86,-515.33,3,1,1,1,0
1208.74,302.185,336.925,906.049853098603,1374.01,-839.12,3,1,1,1,0
620.0000000000001,103.33333333333336,320.485,789.8155276687504,886.54,-886.54,4,2,1,1,0
285.21999999999997,71.30499999999999,129.35999999999999,727.9739204806721,696.38,-669.88,2,2,1,1,0
-2023.77,-183.9790909090909,-598.32,1088.124305954559,1193.23,-1789.5,5,6,1,2,0
7714.74,701.34,849.31,726.1588421137623,1536.76,-757.36,9,2,2,2,1
-835.8399999999999,-92.8711111111111,-36.26,932.4156153299404,1124.98,-1448.56,4,5,1,5,1
-151.78999999999996,-50.59666666666666,452.53,1100.7313043760194,708.66,-1312.98,2,1,1,1,0
5210.349999999999,651.2937499999999,714.18,633.2378212677513,1669.67,-671.57,7,1,2,1,1
433.09,86.618,385.93,439.20948506379045,419.64,-402.58,3,2,1,1,0
1432.31,286.462,554.1,801.4766719437316,1063.17,-1063.17,4,1,1,1,0
604.3399999999999,43.16714285714285,546.29,805.6996626767091,1033.92,-1251.56,9,5,1,4,1
1037.52,148.21714285714285,338.02,667.1912505849749,901.64,-790.72,5,2,1,2,1
412.51999999999987,51.56499999999998,243.5,850.7103632511227,957.77,-1097.5,5,3,2,2,1
2978.8700000000003,595.7740000000001,651.76,394.5753336563248,1101.66,200.93,5,0,1,0,0
5023.12,717.5885714285714,986.73,843.6922217734098,1674.95,-1005.13,6,1,1,1,0
-1138.6999999999998,-113.86999999999998,-251.03500000000003,1048.4935755962774,1426.86,-1303.5,5,5,1,2,0
4745.02,790.8366666666667,1063.29,533.5015811660419,1303.42,-37.4,5,1,1,1,0
-1950.3400000000001,-325.0566666666667,-588.92,832.1723106344422,752.31,-1183.68,2,4,1,4,1
3819.58,477.4475,744.91,850.9635581546032,1450.75,-1200.45,6,2,2,1,1
5072.79,338.186,501.05,1063.4759246371575,1492.64,-1472.81,9,6,2,2,1
4814.37,687.7671428571429,851.08,312.5165508531394,932.52,148.75,7,0,1,0,0
3128.1800000000003,1042.7266666666667,885.92,756.3016118806925,1865.14,377.12,3,0,1,0,0
-9394.320000000002,-204.22434782608698,-662.72,713.2535698260228,1388.39,-922.76,14,32,2,2,1
-213211.47,-35535.245,569.77,88399.9763656219,1132.93,-215977.3,4,2,2,2,1
272.21000000000004,27.221000000000004,158.28,323.78350954680263,589.53,-430.46,6,4,1,1,0
1158.74,165.53428571428572,132.48,1145.1459883475868,1463.55,-1722.08,5,2,2,1,1
4656.11,517.3455555555555,525.52,506.8624523998377,1230.57,-525.52,8,1,5,1,1
2074.42,296.3457142857143,377.74,559.413682583743,845.11,-845.11,6,1,1,1,0
62287.18,1175.2298113207548,1375.72,607.8636457503967,1375.72,-1197.4,49,4,2,1,1
4053.9900000000002,810.798,749.49,682.7069580500847,1594.94,-235.21,4,1,1,1,0
3479.71,267.67,375.89,815.984712254668,1439.97,-1051.54,9,4,5,1,1
-204.6199999999999,-40.92399999999998,-666.64,1475.340144146427,1575.05,-1478.06,2,3,1,2,1
2493.54,498.70799999999997,485.07,667.4748977077716,1336.88,-519.28,4,1,1,1,0
8214.64,357.1582608695652,411.26,284.7778959861395,842.07,-842.07,22,1,1,1,0
587.38,195.79333333333332,241.39,715.8948805748881,887.8,-541.81,2,1,1,1,0
1480.58,246.76333333333332,359.37,650.2978296954916,948.29,-948.29,5,1,1,1,0
1117.0800000000002,111.70800000000001,408.78999999999996,781.2966216318443,1286.58,-1286.58,6,4,2,2,1
-656.5299999999999,-65.65299999999999,-587.56,1071.5103916543846,1876.52,-1195.62,4,6,1,6,1
552.72,276.36,276.36,984.830040565376,972.74,-420.02,1,1,1,1,1
1378.1100000000001,689.0550000000001,689.0550000000001,224.9377381632526,848.11,530.0,2,0,1,0,0
3304.67,472.0957142857143,657.19,902.0600671399724,1459.1,-1459.1,6,1,1,1,0
-2354.13,-294.26625,-550.84,831.756740553004,940.33,-1247.17,3,5,1,4,1
-1421.01,-355.2525,-269.45,1059.3240276508095,755.66,-1637.77,2,2,1,2,1
-273.02000000000015,-27.302000000000014,147.115,452.725114704767,368.3,-613.2,5,5,1,1,0
4939.21,548.8011111111111,649.56,732.7412169116127,1364.81,-821.86,8,1,4,1,1
2455.9800000000005,306.99750000000006,778.94,840.2012426071336,778.94,-1438.72,6,2,1,1,0
1228.1000000000001,409.36666666666673,607.2,791.700552250239,1083.39,-462.49,2,1,1,1,0
789.6300000000001,157.92600000000002,880.34,1613.1300803654988,1286.58,-2624.46,4,1,2,1,1
-2048.7,-512.175,-914.4000000000001,933.3062244694039,880.96,-1100.86,1,3,1,2,1
-5015.04,-835.84,-1066.595,797.2382171220846,461.26,-1857.52,1,5,1,3,1
1092.6100000000001,364.2033333333334,-60.37,1099.3053109274663,1612.48,-459.5,1,2,1,1,0
0.0,0.0,0.0,1627.0668456458695,1150.51,-1150.51,1,1,1,1,0
0.0,0.0,0.0,1616.4178175212003,1142.98,-1142.98,1,1,1,1,0
-2717.27,-1358.635,-1358.635,304.95394152232234,-1143.0,-1574.27,0,2,0,2,1
-1236.23,-412.07666666666665,-1090.77,1501.6031714915007,1309.06,-1454.52,1,2,1,2,1
-4528.49,-1132.1225,-1111.21,453.66107461958876,-606.66,-1699.41,0,4,0,4,1
-3726.62,-745.324,-785.72,187.04816152531413,-532.56,-1005.67,0,5,0,5,1
227.5,113.75,113.75,1699.8564177012126,1315.73,-1088.23,1,1,1,1,0
-6455.1,-586.8272727272728,-764.12,507.77644703335557,925.99,-764.12,1,10,1,1,0
-5337.53,-667.19125,-716.98,563.261016592219,526.09,-1462.48,1,7,1,7,1
0.0,0.0,0.0,1291.318403802873,913.1,-913.1,1,1,1,1,0
1091.79,363.93,518.54,873.1030235315876,1149.4,-576.15,2,1,2,1,1
375.02,125.00666666666666,545.73,959.2748462423755,802.03,-972.74,2,1,1,1,0
-884.71,-884.71,-884.71,0.0,-884.71,-884.71,0,1,0,1,0
0.0,0.0,0.0,1109.7475245297915,784.71,-784.71,1,1,1,1,0
-581.83,-581.83,-581.83,0.0,-581.83,-581.83,0,1,0,1,0
-1313.74,-187.67714285714285,-23.55,535.4690651417778,649.56,-1027.82,2,5,1,1,0
-51.8599999999999,-12.964999999999975,-25.92999999999998,728.9729665540874,744.38,-744.38,2,2,2,2,1
-700.86,-350.43,-350.43,395.0605586489241,-71.08,-629.78,0,2,0,2,1
-56.10000000000002,-14.025000000000006,-28.05000000000001,1165.3165042310752,1084.93,-1084.93,2,2,1,1,0
-3818.0299999999997,-954.5074999999999,-881.665,212.11437313785848,-790.46,-1264.24,0,4,0,1,0
554.9100000000001,138.72750000000002,0.0,865.2220445787312,1315.71,-760.8,2,2,1,2,1
-556.26,-556.26,-556.26,0.0,-556.26,-556.26,0,1,0,1,0
547.37,547.37,547.37,0.0,547.37,547.37,1,0,1,0,0
-581.3,-193.76666666666665,-581.3,1395.9446849117387,1355.0,-1355.0,1,2,1,1,0
0.0,0.0,0.0,1109.0545598842286,784.22,-784.22,1,1,1,1,1
355.55999999999995,118.51999999999998,355.56,1248.72911345896,1231.74,-1231.74,2,1,1,1,0
813.06,271.02,514.2,696.2450439320914,813.06,-514.2,2,1,1,1,0
-444.02,-88.804,-322.01,637.2808080273562,1035.52,-468.83,1,4,1,1,1
-1404.59,-1404.59,-1404.59,0.0,-1404.59,-1404.59,0,1,0,1,0
-1881.35,-940.675,-940.675,843.1329126834036,-344.49,-1536.86,0,2,0,2,1
-244.26,-244.26,-244.26,0.0,-244.26,-244.26,0,1,0,1,0
360.9200000000001,51.56000000000001,742.57,1398.951496490616,1472.81,-1876.52,4,3,4,1,1
-26210.51,-1541.794705882353,-1727.87,422.1765751009529,-410.0,-1727.87,0,17,0,2,1
-299.12,-149.56,-149.56,0.0,-149.56,-149.56,0,2,0,1,0
561.34,561.34,561.34,0.0,561.34,561.34,1,0,1,0,0
-429.3,-429.3,-429.3,0.0,-429.3,-429.3,0,1,0,1,1
-451.93,-451.93,-451.93,0.0,-451.93,-451.93,0,1,0,1,0
-2242.83,-373.805,-337.14,415.6772217358079,215.96,-880.91,1,5,1,3,1
1009.47,1009.47,1009.47,0.0,1009.47,1009.47,1,0,1,0,0
3217.1400000000003,459.5914285714286,727.58,799.6079590113432,964.97,-1314.35,6,1,6,1,1
-3033.37,-1516.685,-1516.685,28.418621535887382,-1496.59,-1536.78,0,2,0,2,1
611.64,611.64,611.64,0.0,611.64,611.64,1,0,1,0,0
912.03,912.03,912.03,0.0,912.03,912.03,1,0,1,0,1
-2359.74,-393.28999999999996,-555.74,595.3552300937652,784.71,-921.49,1,5,1,1,0
-1605.47,-802.735,-802.735,490.25834460006905,-456.07,-1149.4,0,2,0,2,1
1183.12,394.3733333333333,667.06,1064.1540198830871,1295.65,-779.59,2,1,2,1,1
1046.09,1046.09,1046.09,0.0,1046.09,1046.09,1,0,1,0,0
-2754.6,-459.09999999999997,-688.65,771.9321485726579,1083.3,-1083.3,1,5,1,2,1
-11852.71,-911.746923076923,-1132.11,464.5506712832772,385.37,-1132.11,1,12,1,1,0
-1099.93,-219.98600000000002,-185.45,741.0528578178482,909.23,-1035.97,1,4,1,2,1
502.79,502.79,502.79,0.0,502.79,502.79,1,0,1,0,0
-3575.5299999999997,-1191.8433333333332,-1160.29,570.8344261108763,-637.44,-1777.8,0,3,0,3,1
-1890.0,-945.0,-945.0,426.4560997336067,-643.45,-1246.55,0,2,0,2,1
597.93,597.93,597.93,0.0,597.93,597.93,1,0,1,0,1
1113.64,1113.64,1113.64,0.0,1113.64,1113.64,1,0,1,0,0
-1284.41,-642.205,-642.205,967.3432898666326,41.81,-1326.22,1,1,1,1,1
378.41,378.41,378.41,0.0,378.41,378.41,1,0,1,0,0
-733.16,-733.16,-733.16,0.0,-733.16,-733.16,0,1,0,1,0
628.07,628.07,628.07,0.0,628.07,628.07,1,0,1,0,0
-148.23000000000008,-49.410000000000025,-28.33,1139.1862869610045,1079.09,-1198.99,1,2,1,2,1
614.53,614.53,614.53,0.0,614.53,614.53,1,0,1,0,1
-291.19,-291.19,-291.19,0.0,-291.19,-291.19,0,1,0,1,0
0.0,0.0,0.0,1148.7798188512888,812.31,-812.31,1,1,1,1,1
1973.6999999999998,986.8499999999999,986.8499999999999,438.0809352163136,1296.62,677.08,2,0,2,0,1
-602.83,-602.83,-602.83,0.0,-602.83,-602.83,0,1,0,1,0
1738.07,1738.07,1738.07,0.0,1738.07,1738.07,1,0,1,0,1
-124.0,-62.0,-62.0,1665.901150068635,1115.97,-1239.97,1,1,1,1,1
-44.77999999999997,-22.389999999999986,-22.389999999999986,601.6630179760095,403.05,-447.83,1,1,1,1,1
869.2299999999998,289.7433333333333,993.74,1330.7523231741259,1120.62,-1245.13,2,1,2,1,1
795.0,795.0,795.0,0.0,795.0,795.0,1,0,1,0,0
-2150.74,-2150.74,-2150.74,0.0,-2150.74,-2150.74,0,1,0,1,1
-67505.96,-1298.1915384615386,-1375.72,287.4458307733115,419.7,-1375.72,1,51,1,4,1
385.91999999999996,64.32,121.81,1351.9190577545683,1751.92,-1865.14,3,3,3,1,1
3321.07,1107.0233333333333,1107.3,529.5550542043135,1636.44,577.33,3,0,3,0,1
-787.58,-787.58,-787.58,0.0,-787.58,-787.58,0,1,0,1,1
924.62,924.62,924.62,0.0,924.62,924.62,1,0,1,0,0
-365.0999999999999,-91.27499999999998,-139.46999999999997,1306.6468218943735,1171.43,-1257.59,2,2,2,2,1
-1412.38,-1412.38,-1412.38,0.0,-1412.38,-1412.38,0,1,0,1,1
-1219.66,-1219.66,-1219.66,0.0,-1219.66,-1219.66,0,1,0,1,1
529.21,176.40333333333334,641.28,1138.1669291599246,1008.55,-1120.62,2,1,2,1,1
492.0,492.0,492.0,0.0,492.0,492.0,1,0,1,0,0
701.42,701.42,701.42,0.0,701.42,701.42,1,0,1,0,1
-2290.46,-1145.23,-1145.23,694.7748389226541,-653.95,-1636.51,0,2,0,2,1
157.46,157.46,157.46,0.0,157.46,157.46,1,0,1,0,0
1254.72,1254.72,1254.72,0.0,1254.72,1254.72,1,0,1,0,1
-163.59,-163.59,-163.59,0.0,-163.59,-163.59,0,1,0,1,0
749.5699999999999,249.85666666666665,728.67,1153.9851837148226,1087.36,-1066.46,2,1,2,1,1
-1299.28,-118.11636363636363,-154.74,530.1098797093435,943.64,-943.64,2,9,2,2,1
-1458.47,-243.07833333333335,-373.96,623.2091451324079,982.41,-804.28,1,5,1,1,0
2380.34,1190.17,1190.17,279.0526201274591,1387.49,992.85,2,0,2,0,1
5032.6900000000005,1258.1725000000001,1253.275,310.62227880766494,1636.38,889.76,4,0,4,0,1
-6764.45,-966.35,-917.64,264.40999861326475,-653.41,-1522.84,0,7,0,1,0
-4637.530000000001,-662.5042857142859,-1512.63,1131.6190106783163,1142.01,-1512.63,2,5,2,1,1
-63.81000000000006,-31.90500000000003,-31.90500000000003,857.3033325783821,574.3,-638.11,1,1,1,1,1
1218.29,609.145,609.145,605.0642015935168,1036.99,181.3,2,0,2,0,0
1283.84,1283.84,1283.84,0.0,1283.84,1283.84,1,0,1,0,1
-1448.69,-1448.69,-1448.69,0.0,-1448.69,-1448.69,0,1,0,1,0
1071.09,535.545,535.545,228.34599284857183,697.01,374.08,2,0,2,0,0
821.86,821.86,821.86,0.0,821.86,821.86,1,0,1,0,0
4581.88,916.376,790.72,330.5869445849306,1357.87,548.52,5,0,5,0,1
673.6999999999999,336.84999999999997,336.84999999999997,1476.0712635912942,1380.59,-706.89,1,1,1,1,0
2606.84,1303.42,1303.42,825.5895934421654,1887.2,719.64,2,0,2,0,1
661.1,661.1,661.1,0.0,661.1,661.1,1,0,1,0,0
109.38,54.69,54.69,24.451752493430817,71.98,37.4,2,0,2,0,0
1113.58,1113.58,1113.58,0.0,1113.58,1113.58,1,0,1,0,0
1705.4299999999998,852.7149999999999,852.7149999999999,636.5163112206945,1302.8,402.63,2,0,2,0,1
1060.97,530.485,530.485,302.4932099237932,744.38,316.59,2,0,2,0,0
2008.1399999999999,1004.0699999999999,1004.0699999999999,270.8926078725663,1195.62,812.52,2,0,2,0,1
0.0,0.0,0.0,1648.0396327758624,1165.34,-1165.34,1,1,1,1,1
-1860.08,-930.04,-930.04,298.95060495004867,-718.65,-1141.43,0,2,0,2,1
808.97,808.97,808.97,0.0,808.97,808.97,1,0,1,0,0
1697.4699999999998,848.7349999999999,848.7349999999999,186.41456072420957,980.55,716.92,2,0,2,0,1
308.44000000000005,102.81333333333335,71.0,857.962479676899,976.24,-738.8,2,1,2,1,0
599.97,599.97,599.97,0.0,599.97,599.97,1,0,1,0,0
1565.04,782.52,782.52,705.5652884035609,1281.43,283.61,2,0,2,0,0
810.1700000000001,270.0566666666667,810.17,1316.4704077697047,1230.57,-1230.57,2,1,2,1,1
-4278.42,-1069.605,-961.17,496.9725943818901,-589.01,-1767.07,0,4,0,1,0
1935.98,967.99,967.99,405.3560333830001,1254.62,681.36,2,0,2,0,1
1402.81,1402.81,1402.81,0.0,1402.81,1402.81,1,0,1,0,0
-814.45,-407.225,-407.225,1155.7306785103526,410.0,-1224.45,1,1,1,1,1
-3607.67,-1202.5566666666666,-1341.47,240.60495118208465,-924.73,-1341.47,0,3,0,1,0
2164.88,1082.44,1082.44,535.7323816981758,1461.26,703.62,2,0,2,0,0
-457.21999999999997,-228.60999999999999,-228.60999999999999,608.5360958891428,201.69,-658.91,1,1,1,1,0
-1189.4700000000003,-91.49769230769233,-575.22,861.2231719687397,1427.72,-1015.35,4,9,4,1,1
-526.09,-526.09,-526.09,0.0,-526.09,-526.09,0,1,0,1,0
3227.7799999999997,1613.8899999999999,1613.8899999999999,94.29976033903783,1680.57,1547.21,2,0,2,0,1
4999.76,833.2933333333334,794.75,507.4888862100004,1574.27,19.07,6,0,6,0,1
415.65,207.825,207.825,177.54744168813022,333.37,82.28,2,0,2,0,0
456.68,456.68,456.68,0.0,456.68,456.68,1,0,1,0,1
-2921.08,-973.6933333333333,-849.26,424.48636872499605,-625.33,-1446.49,0,3,0,1,0
713.99,237.99666666666667,456.07,420.93455564176884,505.15,-247.23,2,1,2,1,1
-2298.65,-1149.325,-1149.325,539.3315552144154,-767.96,-1530.69,0,2,0,2,1
452.42,452.42,452.42,0.0,452.42,452.42,1,0,1,0,0
300.11,150.055,150.055,1414.8570295439747,1150.51,-850.4,1,1,1,1,0
1620.2800000000002,540.0933333333334,462.49,569.961163793932,1144.88,12.91,3,0,3,0,0
3809.17,952.2925,980.21,331.17221626368354,1242.09,606.66,4,0,4,0,1
1753.3400000000001,584.4466666666667,441.89,683.694032029923,1328.18,-16.73,2,1,2,1,0
1082.74,541.37,541.37,176.33828909230115,666.06,416.68,2,0,2,0,0
2504.12,500.82399999999996,602.18,717.0719628670472,1346.03,-644.64,4,1,4,1,0
1084.23,542.115,542.115,218.13537092823805,696.36,387.87,2,0,2,0,0
-1624.63,-812.315,-812.315,470.176512014371,-479.85,-1144.78,0,2,0,2,0
-1625.72,-812.86,-812.86,58.3645937191376,-771.59,-854.13,0,2,0,2,0
-2162.17,-1081.085,-1081.085,652.3555031192732,-619.8,-1542.37,0,2,0,2,0
-1384.03,-276.806,-320.67,1170.7769200962239,1535.52,-1535.52,1,4,1,3,1
-2919.53,-486.58833333333337,-377.74,267.42749943987934,-159.96,-845.11,0,6,0,1,0
-5435.95,-679.49375,-534.85,580.0453490137646,-45.21,-1970.44,0,8,0,4,1
-651.72,-217.24,-648.92,750.1178702044099,648.92,-651.72,1,2,1,2,1
-4623.79,-770.6316666666667,-1083.42,650.8720436281363,429.3,-1215.34,1,5,1,4,1
-572.67,-572.67,-572.67,0.0,-572.67,-572.67,0,1,0,1,1
-4273.96,-854.792,-1338.44,838.8249814591838,535.46,-1430.62,1,4,1,4,1
-3581.21,-596.8683333333333,-562.93,300.13497559709145,-228.39,-987.3,0,6,0,2,0
-3164.66,-1054.8866666666665,-789.88,630.5867708994007,-600.05,-1774.73,0,3,0,2,0
-1049.17,-1049.17,-1049.17,0.0,-1049.17,-1049.17,0,1,0,1,0
-1235.51,-617.755,-617.755,156.85749727061182,-506.84,-728.67,0,2,0,2,0
-3345.21,-669.042,-687.54,485.1998323577617,-178.7,-1442.43,0,5,0,1,0
2728.8,454.8,1152.815,1320.1063936213625,1536.78,-1490.31,4,2,4,2,1
-2683.55,-447.2583333333334,-359.37,298.38132330403437,-123.25,-948.29,0,6,0,2,0
2587.4,431.23333333333335,744.35,853.8776226993342,1160.29,-929.21,4,2,4,2,1
-4550.8,-568.85,-595.615,576.1338970859366,586.84,-1461.26,1,7,1,2,0
-1651.24,-825.62,-825.62,141.94461525538756,-725.25,-925.99,0,2,0,2,0
-2342.0,-1171.0,-1171.0,404.8610586361696,-884.72,-1457.28,0,2,0,2,0
-2683.63,-536.726,-448.29,369.05135967775544,-164.33,-923.97,0,5,0,2,0
-2874.63,-718.6575,-678.525,410.6762582517605,-273.52,-1244.06,0,4,0,2,0
-3497.8500000000004,-874.4625000000001,-913.94,501.3444221540716,-238.99,-1430.98,0,4,0,2,0
-1330.4,-665.2,-665.2,62.87593498310782,-620.74,-709.66,0,2,0,2,1
-2679.4900000000002,-893.1633333333334,-933.17,672.363265603746,-201.69,-1544.63,0,3,0,2,0
-373.10999999999996,-124.36999999999999,-358.8,1618.1119937445617,1598.17,-1612.48,1,2,1,2,1
-2806.87,-350.85875,-467.2,799.2214433780897,1074.31,-1217.49,2,6,2,3,1
-2117.37,-529.3425,-323.99,413.3888690143943,-319.99,-1149.4,0,4,0,2,0
-1185.2,-1185.2,-1185.2,0.0,-1185.2,-1185.2,0,1,0,1,0
-666.2099999999999,-333.10499999999996,-333.10499999999996,447.5349528807778,-16.65,-649.56,0,2,0,1,0
7318.459999999999,1463.6919999999998,1507.0,463.74417017359906,2150.74,1020.55,5,0,5,0,1
-1284.41,-642.205,-642.205,275.07160894937886,-447.7,-836.71,0,2,0,2,0
-3487.55,-871.8875,-866.81,368.7148913343027,-452.42,-1301.51,0,4,0,4,1
-1980.29,-660.0966666666667,-602.18,166.77604214434797,-530.0,-848.11,0,3,0,2,0
-1630.98,-815.49,-815.49,319.54155441820086,-589.54,-1041.44,0,2,0,2,1
-949.09,-949.09,-949.09,0.0,-949.09,-949.09,0,1,0,1,0
-3564.6,-445.575,-442.115,471.17849729617933,511.95,-1166.59,1,7,1,2,0
226.1199999999999,113.05999999999995,113.05999999999995,2550.8311445879754,1916.77,-1690.65,1,1,1,1,1
-2500.93,-833.6433333333333,-747.79,280.995118344311,-605.59,-1147.55,0,3,0,2,0
-9056.71,-411.6686363636363,-411.26,115.60340587730492,-145.18,-842.07,0,22,0,1,0
-2525.79,-841.93,-711.89,254.97831045012438,-678.19,-1135.71,0,3,0,2,0
-1498.19,-749.095,-749.095,772.9454935828271,-202.54,-1295.65,0,2,0,2,0
-2873.76,-957.9200000000001,-1142.42,671.3900487049239,-213.57,-1517.77,0,3,0,3,1
-749.37,-749.37,-749.37,0.0,-749.37,-749.37,0,1,0,1,0
820.0899999999999,410.04499999999996,410.04499999999996,1151.8415912138264,1224.52,-404.43,1,1,1,1,1
-1248.84,-1248.84,-1248.84,0.0,-1248.84,-1248.84,0,1,0,1,0
-1089.0700000000002,-363.02333333333337,-636.29,974.2210246824554,718.65,-1171.43,1,2,1,2,1
-2514.7799999999997,-502.95599999999996,-497.59,636.3907684591284,447.83,-1123.25,1,4,1,3,1
-1537.75,-512.5833333333334,-516.87,975.6270629873554,465.18,-1486.06,1,2,1,2,1
-3858.4,-964.6,-953.25,306.172985744987,-607.13,-1344.77,0,4,0,4,1
-1893.68,-946.84,-946.84,1265.6504276458013,-51.89,-1841.79,0,2,0,2,0
-4849.86,-969.972,-1084.82,477.56448823169416,-448.99,-1542.19,0,5,0,2,1
-2005.77,-501.4425,-806.2149999999999,755.5444605216824,621.93,-1015.27,1,3,1,2,1
-1588.56,-1588.56,-1588.56,0.0,-1588.56,-1588.56,0,1,0,1,0
-4382.5,-730.4166666666666,-587.86,292.367953693059,-492.0,-1269.97,0,6,0,3,1
-937.46,-468.73,-468.73,77.88074087988628,-413.66,-523.8,0,2,0,2,0
-2344.12,-468.82399999999996,-146.09,491.8919827868716,-92.4,-1036.99,0,5,0,2,0
-4586.24,-764.3733333333333,-723.085,293.6194316230904,-460.16,-1247.53,0,6,0,2,0
-1079.49,-539.745,-539.745,540.6326316917986,-157.46,-922.03,0,2,0,2,0
2465.11,616.2775,772.415,788.0497071198406,1370.41,-450.13,3,1,3,1,1
-2690.26,-672.565,-679.0050000000001,214.05519607490655,-405.03,-927.22,0,4,0,2,0
4060.3900000000003,507.54875000000004,537.115,1254.2724008357252,2564.09,-1074.36,4,4,4,2,1
-4324.37,-1081.0925,-1110.54,207.4656116685365,-847.42,-1255.87,0,4,0,1,0
58.069999999999936,29.034999999999968,29.034999999999968,1800.5272101387416,1302.2,-1244.13,1,1,1,1,1
2487.59,414.59833333333336,613.27,612.5748678950735,1099.09,-500.52,4,2,4,2,1
-644.5700000000002,-322.2850000000001,-322.2850000000001,1208.9333927268285,532.56,-1177.13,1,1,1,1,1
-1907.4399999999998,-635.8133333333333,-723.06,313.6081671980711,-287.82,-896.56,0,3,0,2,0
-762.8,-762.8,-762.8,0.0,-762.8,-762.8,0,1,0,1,1
-1972.49,-986.245,-986.245,108.81666255679787,-909.3,-1063.19,0,2,0,2,0
-591.73,-591.73,-591.73,0.0,-591.73,-591.73,0,1,0,1,0
-74.71999999999991,-37.35999999999996,-37.35999999999996,1127.906026670662,760.19,-834.91,1,1,1,1,1
-628.07,-628.07,-628.07,0.0,-628.07,-628.07,0,1,0,1,0
-2974.3999999999996,-743.5999999999999,-703.2349999999999,471.32637347525264,-227.61,-1340.32,0,4,0,4,1
-2738.62,-912.8733333333333,-1063.12,455.26042935152327,-401.48,-1274.02,0,3,0,2,0
-2704.49,-901.4966666666666,-872.97,316.7548770474313,-599.97,-1231.55,0,3,0,2,0
877.24,877.24,877.24,0.0,877.24,877.24,1,0,1,0,1
-849.01,-424.505,-424.505,11.066221125569452,-416.68,-432.33,0,2,0,2,0
-376.22,-188.11,-188.11,259.4374780173443,-4.66,-371.56,0,2,0,2,0
-3202.28,-800.57,-926.61,331.3955268255744,-309.89,-1039.17,0,4,0,1,0
-1910.01,-955.005,-955.005,54.779562338521856,-916.27,-993.74,0,2,0,2,0
-2697.06,-449.51,-801.79,961.9994992514289,1454.52,-1080.02,1,5,1,2,1
5641.400000000001,940.2333333333335,878.935,278.99190774405395,1283.13,538.36,6,0,6,0,1
-2384.56,-794.8533333333334,-779.58,347.3419412241103,-455.4,-1149.58,0,3,0,2,0
-2505.1899999999996,-1252.5949999999998,-1252.5949999999998,292.0421716978561,-1046.09,-1459.1,0,2,0,2,0
-684.85,-684.85,-684.85,0.0,-684.85,-684.85,0,1,0,1,0
-545.28,-272.64,-272.64,1381.884640337246,704.5,-1249.78,1,1,1,1,1
-2642.4,-528.48,-447.74,207.95353375213415,-335.36,-877.24,0,5,0,4,1
-1659.9,-553.3000000000001,-384.64,396.1878406766164,-269.35,-1005.91,0,3,0,2,0
6384.88,1064.1466666666668,1014.595,490.41852728732283,1686.05,522.7,6,0,6,0,1
-8826.58,-1103.3225,-1078.51,452.85765019011694,-514.18,-1787.46,0,8,0,7,1
-6657.18,-832.1475,-791.58,223.9158177115421,-566.49,-1230.57,0,8,0,5,1
-4960.2300000000005,-826.705,-757.0899999999999,247.73968577924694,-572.37,-1300.9,0,6,0,2,0
-647.36,-647.36,-647.36,0.0,-647.36,-647.36,0,1,0,1,0
-1153.18,-1153.18,-1153.18,0.0,-1153.18,-1153.18,0,1,0,1,0
-1427.1,-1427.1,-1427.1,0.0,-1427.1,-1427.1,0,1,0,1,0
-1987.31,-496.8275,-466.13,100.41194330523305,-421.48,-633.57,0,4,0,2,0
-955.6700000000001,-238.91750000000002,-477.83500000000004,973.6382167374422,1143.58,-1143.58,1,3,1,3,1
-4794.53,-799.0883333333333,-852.8900000000001,346.12352109711736,-236.73,-1249.84,0,6,0,5,1
-2117.54,-1058.77,-1058.77,361.4447022713155,-803.19,-1314.35,0,2,0,2,0
-2338.78,-779.5933333333334,-882.83,443.0985637906462,-293.99,-1161.96,0,3,0,3,1
-455.46,-455.46,-455.46,0.0,-455.46,-455.46,0,1,0,1,0
-239.83,-239.83,-239.83,0.0,-239.83,-239.83,0,1,0,1,0
-4043.83,-673.9716666666667,-911.28,694.8439331653308,724.21,-1086.52,1,5,1,2,1
-1297.3799999999999,-648.6899999999999,-648.6899999999999,572.9544826598357,-243.55,-1053.83,0,2,0,2,0
-909.23,-909.23,-909.23,0.0,-909.23,-909.23,0,1,0,1,0
-289.89,-289.89,-289.89,0.0,-289.89,-289.89,0,1,0,1,0
-6681.0199999999995,-742.3355555555555,-1065.5,658.2431088912194,959.74,-1066.37,1,8,1,3,1
-2277.21,-1138.605,-1138.605,164.89023030489105,-1022.01,-1255.2,0,2,0,2,1
-816.54,-408.27,-408.27,129.65509939836537,-316.59,-499.95,0,2,0,2,0
-2345.3199999999997,-586.3299999999999,-964.675,1273.4390538747166,1232.34,-1648.31,1,3,1,3,1
-4225.51,-1056.3775,-1184.825,344.3466335322592,-562.98,-1292.88,0,4,0,2,0
-2520.15,-504.03000000000003,-480.39,324.23414348276157,-102.23,-1008.85,0,5,0,1,0
5569.74,696.2175,1113.62,1089.2696406144282,1708.74,-1208.96,6,2,6,1,1
3525.26,503.60857142857145,653.95,1021.3318355857474,1543.66,-1493.12,5,2,5,2,1
-1392.76,-696.38,-696.38,0.0,-696.38,-696.38,0,2,0,1,0
-7789.57,-599.1976923076923,-515.33,489.6142433275719,-200.95,-1598.17,0,13,0,5,1
-2730.79,-1365.395,-1365.395,148.25907881138346,-1260.56,-1470.23,0,2,0,2,0
-5664.0599999999995,-944.0099999999999,-1032.565,239.64760186573952,-499.37,-1132.93,0,6,0,4,1
-1666.01,-833.005,-833.005,33.99062297163729,-808.97,-857.04,0,2,0,2,0
2058.78,343.13000000000005,377.71500000000003,966.3523758339915,1380.89,-1096.56,3,3,3,2,1
-1883.63,-941.815,-941.815,95.67861856235183,-874.16,-1009.47,0,2,0,2,0
0.0,0.0,0.0,1705.781972527556,1206.17,-1206.17,1,1,1,1,1
777.8900000000001,388.94500000000005,388.94500000000005,1075.445774574432,1149.4,-371.51,1,1,1,1,1
-1615.87,-807.935,-807.935,145.11952470291513,-705.32,-910.55,0,2,0,2,0
-561.34,-561.34,-561.34,0.0,-561.34,-561.34,0,1,0,1,0
-839.44,-167.888,-388.5,536.885555700654,774.62,-525.52,1,4,1,1,1
4687.2,937.4399999999999,1344.77,734.844986748906,1566.0,-139.74,4,1,4,1,1
-2885.74,-961.9133333333333,-572.93,697.5149645945479,-545.63,-1767.18,0,3,0,2,0
-2583.8199999999997,-861.2733333333332,-879.17,470.44038116783014,-382.14,-1322.51,0,3,0,2,0
-2936.9,-734.225,-744.87,282.0980455444525,-378.41,-1068.75,0,4,0,2,0
-9452.01,-1050.2233333333334,-1148.52,246.23586629490018,-757.36,-1536.76,0,9,0,2,0
1627.06,1627.06,1627.06,0.0,1627.06,1627.06,1,0,1,0,1
-3969.87,-264.658,-323.44,360.43974840662145,997.17,-666.06,1,14,1,2,1
-1778.98,-889.49,-889.49,694.5202804814269,-398.39,-1380.59,0,2,0,2,0
-10713.21,-973.9281818181818,-871.26,318.0319129212721,-674.29,-1588.56,0,11,0,5,1
393.96,393.96,393.96,0.0,393.96,393.96,1,0,1,0,0
-4251.58,-607.3685714285714,-631.92,415.3240183851869,202.54,-1113.58,1,6,1,2,0
1490.31,1490.31,1490.31,0.0,1490.31,1490.31,1,0,1,0,0
4798.59,1199.6475,1133.415,456.6617766191955,1748.94,782.82,4,0,4,0,1
-468.84,-468.84,-468.84,0.0,-468.84,-468.84,0,1,0,1,0
806.0500000000001,403.02500000000003,403.02500000000003,1517.3168021379056,1475.93,-669.88,1,1,1,1,1
-1335.9099999999999,-333.97749999999996,-241.6,1152.7798074618008,767.96,-1620.67,2,2,2,2,1
-47.35,-47.35,-47.35,0.0,-47.35,-47.35,0,1,0,1,0
789.99,789.99,789.99,0.0,789.99,789.99,1,0,1,0,1
-1524.48,-508.16,-412.35,165.9477878731741,-412.35,-699.78,0,3,0,1,0
-30422.399999999998,-950.6999999999999,-1048.35,348.74073702116374,795.66,-1054.03,1,31,1,4,1
-1357.39,-678.695,-678.695,77.06756808152183,-624.2,-733.19,0,2,0,2,0
-1060.76,-1060.76,-1060.76,0.0,-1060.76,-1060.76,0,1,0,1,0
-1038.18,-519.09,-519.09,1374.0781814729467,452.53,-1490.71,1,1,1,1,0
-1645.6999999999998,-411.42499999999995,-306.505,291.4046694318172,-207.29,-825.4,0,4,0,1,0
511.84999999999997,255.92499999999998,255.92499999999998,562.1286778398696,653.41,-141.56,1,1,1,1,0
-847.39,-847.39,-847.39,0.0,-847.39,-847.39,0,1,0,1,0
1591.97,1591.97,1591.97,0.0,1591.97,1591.97,1,0,1,0,1
-905.45,-905.45,-905.45,0.0,-905.45,-905.45,0,1,0,1,0
-978.71,-244.6775,-517.605,673.5900871388078,757.36,-700.86,1,3,1,1,0
694.76,138.952,-44.24,862.3328454662967,1144.78,-1051.45,2,3,2,1,1
-1928.11,-1928.11,-1928.11,0.0,-1928.11,-1928.11,0,1,0,1,0
826.03,826.03,826.03,0.0,826.03,826.03,1,0,1,0,0
-591.76,-197.25333333333333,-165.99,54.14968174729498,-165.99,-259.78,0,3,0,1,0
-1040.66,-346.8866666666667,-290.58,1080.810582217501,704.67,-1454.75,1,2,1,1,0
663.6700000000001,221.22333333333336,752.92,1387.3575459243855,1264.09,-1353.34,2,1,2,1,1
-2781.18,-556.236,-511.36,554.3988704263385,125.12,-1404.9,1,4,1,2,0
-536.67,-178.89,-536.67,1284.4811399160362,1246.55,-1246.55,1,2,1,2,1
-899.98,-899.98,-899.98,0.0,-899.98,-899.98,0,1,0,1,1
-5458.96,-779.8514285714285,-651.76,400.19445712588987,-302.97,-1322.79,0,7,0,3,1
1110.36,1110.36,1110.36,0.0,1110.36,1110.36,1,0,1,0,1
-25435.019999999997,-1017.4007999999999,-1165.58,387.0452436076864,-179.69,-1728.97,0,25,0,2,0
1479.51,295.902,553.43,921.2410180132016,900.96,-1312.96,4,1,4,1,1
913.1499999999999,304.38333333333327,828.28,1172.9570866120096,1124.09,-1039.22,2,1,2,1,1
-4772.71,-954.542,-1143.58,491.6796829440891,-279.35,-1535.52,0,5,0,5,1
491.90999999999997,245.95499999999998,245.95499999999998,848.8463354753909,846.18,-354.27,1,1,1,1,0
-3944.1800000000003,-986.0450000000001,-1357.275,964.4276229453405,440.04,-1669.67,1,3,1,3,1
-1427.0700000000002,-285.41400000000004,-289.18,1025.2262703569393,1364.57,-1364.57,1,4,1,1,0
-124.99999999999994,-24.99999999999999,-318.07,682.6299100903798,1185.2,-465.18,1,4,1,2,1
-2192.1,-438.41999999999996,-753.34,1055.4498555355435,1314.35,-1242.09,1,4,1,4,1
1080.02,1080.02,1080.02,0.0,1080.02,1080.02,1,0,1,0,0
-4008.68,-668.1133333333333,-368.27,552.1346352355255,-356.23,-1733.99,0,6,0,1,0
1437.02,718.51,718.51,170.568297757819,839.12,597.9,2,0,2,0,1
1478.06,1478.06,1478.06,0.0,1478.06,1478.06,1,0,1,0,1
-63.349999999999966,-31.674999999999983,-31.674999999999983,525.5146887100302,339.92,-403.27,1,1,1,1,0
-1467.72,-1467.72,-1467.72,0.0,-1467.72,-1467.72,0,1,0,1,0
1350.17,675.085,675.085,162.3446458926195,789.88,560.29,2,0,2,0,1
-1700.02,-566.6733333333333,-463.08,179.42891665875192,-463.08,-773.86,0,3,0,1,0
-64.76,-64.76,-64.76,0.0,-64.76,-64.76,0,1,0,1,0
3492.27,873.0675,782.54,233.7878558829208,1219.66,707.53,4,0,4,0,1
-2971.45,-990.4833333333332,-1126.03,323.8347576053771,-620.9,-1224.52,0,3,0,3,1
289.89,289.89,289.89,0.0,289.89,289.89,1,0,1,0,0
-610.08,-610.08,-610.08,0.0,-610.08,-610.08,0,1,0,1,1
813.8800000000001,116.26857142857145,629.78,1220.8032621792993,1637.77,-1149.57,4,3,4,1,1
192.03,192.03,192.03,0.0,192.03,192.03,1,0,1,0,0
-5904.530000000001,-1476.1325000000002,-1422.3200000000002,193.00091197971065,-1312.67,-1747.22,0,4,0,4,1
4722.27,674.61,643.45,586.4567734283577,1269.44,-116.63,5,2,5,1,1
381.19000000000005,190.59500000000003,190.59500000000003,585.9723185014801,604.94,-223.75,1,1,1,1,0
-6857.3,-761.9222222222222,-565.13,349.54779329076655,-565.13,-1568.88,0,9,0,1,0
-5191.42,-865.2366666666667,-1048.4850000000001,396.3780340365327,-326.02,-1176.16,0,6,0,2,0
928.72,928.72,928.72,0.0,928.72,928.72,1,0,1,0,1
-868.03,-868.03,-868.03,0.0,-868.03,-868.03,0,1,0,1,1
-2320.85,-580.2125,-675.915,359.38344289212876,-82.48,-886.54,0,4,0,1,0
-1865.33,-310.8883333333333,-189.685,1091.9634516121255,760.8,-1730.6,3,3,3,3,1
573.17,573.17,573.17,0.0,573.17,573.17,1,0,1,0,1
-5546.52,-924.4200000000001,-998.05,259.74707413174076,-448.95,-1228.63,0,6,0,2,1
-1392.88,-232.14666666666668,-179.48,360.37417413941677,78.32,-887.16,2,4,2,1,0
-251.59000000000003,-31.448750000000004,-250.0,713.9492148492977,1628.46,-742.57,2,6,2,2,1
1430.62,1430.62,1430.62,0.0,1430.62,1430.62,1,0,1,0,0
-852.0299999999997,-170.40599999999995,-416.03,1165.0288081974625,1767.18,-1397.61,1,4,1,2,0
-981.8299999999999,-327.27666666666664,-417.21,193.5151824362454,-105.16,-459.46,0,3,0,1,0
1107.8200000000002,553.9100000000001,553.9100000000001,805.0834967877556,1123.19,-15.37,1,1,1,1,0
139.74,139.74,139.74,0.0,139.74,139.74,1,0,1,0,0
-4606.02,-1535.3400000000001,-1738.07,550.6824608610665,-912.03,-1955.92,0,3,0,3,1
-3130.6800000000003,-1043.5600000000002,-998.6,493.2093268582824,-574.37,-1557.71,0,3,0,3,1
-5984.14,-664.9044444444445,-657.19,403.97074374610065,-62.52,-1459.1,0,9,0,3,1
560.24,560.24,560.24,0.0,560.24,560.24,1,0,1,0,1
-1941.38,-970.69,-970.69,493.95651306567476,-621.41,-1319.97,0,2,0,2,1
-4438.71,-739.785,-778.94,95.90977087867537,-544.01,-778.94,0,6,0,1,0
-1665.4099999999999,-832.7049999999999,-832.7049999999999,113.695699346985,-752.31,-913.1,0,2,0,2,0
-1629.06,-543.02,-542.31,317.30559575904107,-226.07,-860.68,0,3,0,1,0
-836.52,-418.26,-418.26,1491.3589122005474,636.29,-1472.81,1,1,1,1,1
3668.13,611.355,750.63,462.5268565932145,1014.71,-291.32,5,1,5,1,1
-3451.29,-1150.43,-1229.23,514.1688675911836,-601.41,-1620.65,0,3,0,3,1
-124.06,-124.06,-124.06,0.0,-124.06,-124.06,0,1,0,1,0
-646.81,-646.81,-646.81,0.0,-646.81,-646.81,0,1,0,1,0
697.86,697.86,697.86,0.0,697.86,697.86,1,0,1,0,1
388.41,388.41,388.41,0.0,388.41,388.41,1,0,1,0,0
709.02,709.02,709.02,0.0,709.02,709.02,1,0,1,0,1
-5842.1,-973.6833333333334,-733.11,416.0210402211247,-653.99,-1636.44,0,6,0,3,1
-1044.21,-522.105,-522.105,175.1008522252247,-398.29,-645.92,0,2,0,2,1
647.36,647.36,647.36,0.0,647.36,647.36,1,0,1,0,0
2964.05,988.0166666666668,1637.67,1547.5344841822857,2104.83,-778.45,2,1,2,1,1
0.0,0.0,0.0,1285.3079961627875,908.85,-908.85,1,1,1,1,1
845.11,845.11,845.11,0.0,845.11,845.11,1,0,1,0,0
1324.73,441.57666666666665,540.95,1179.7431307421687,1568.49,-784.71,2,1,2,1,1
-209.62,-69.87333333333333,-677.6,1336.482867878722,1462.48,-994.5,1,2,1,1,1
2650.32,1325.16,1325.16,390.30880107935053,1601.15,1049.17,2,0,2,0,1
-4215.75,-702.625,-1546.23,1397.417355005297,1459.1,-1695.03,2,4,2,1,0
8009.15,1334.8583333333333,1311.98,416.8426549870666,1857.52,633.57,6,0,6,0,1
1809.94,904.97,904.97,487.63497844186685,1249.78,560.16,2,0,2,0,0
857.04,857.04,857.04,0.0,857.04,857.04,1,0,1,0,0
913.1,913.1,913.1,0.0,913.1,913.1,1,0,1,0,0
-2894.5,-361.8125,-848.71,958.4856739483829,1438.72,-938.38,2,6,2,2,0
-189.51,-189.51,-189.51,0.0,-189.51,-189.51,0,1,0,1,0
507.42,507.42,507.42,0.0,507.42,507.42,1,0,1,0,0
-1962.04,-981.02,-981.02,162.33757482480752,-866.23,-1095.81,0,2,0,1,0
-1197.07,-399.0233333333333,-241.39,432.09189119136835,-67.88,-887.8,0,3,0,2,0
-279.23,-279.23,-279.23,0.0,-279.23,-279.23,0,1,0,1,0
-2274.95,-758.3166666666666,-863.76,262.52839967008015,-459.46,-951.73,0,3,0,2,1
-3517.92,-879.48,-666.65,425.65999999999997,-666.65,-1517.97,0,4,0,1,0
-846.53,-846.53,-846.53,0.0,-846.53,-846.53,0,1,0,1,1
-4235.85,-529.48125,-548.4449999999999,558.5558855128745,432.92,-1335.79,1,7,1,5,1
1528.65,509.55,1059.97,1280.7236612165796,1423.05,-954.37,2,1,2,1,0
700.82,700.82,700.82,0.0,700.82,700.82,1,0,1,0,0
51.89,51.89,51.89,0.0,51.89,51.89,1,0,1,0,0
-22260.16,-428.08,-408.71,259.3426141869734,723.05,-1636.38,1,51,1,3,1
1638.96,546.32,455.4,1198.2697931601213,1787.46,-603.9,2,1,2,1,1
325.7399999999999,108.57999999999997,526.41,860.4137506455833,680.29,-880.96,2,1,2,1,1
417.48,139.16,634.17,1193.1482517692427,1005.13,-1221.82,2,1,2,1,1
2303.09,575.7725,502.755,379.3880989501384,1054.03,243.55,4,0,4,0,1
1637.58,545.86,390.94,296.5990310166235,887.84,358.8,3,0,3,0,0
1208.96,1208.96,1208.96,0.0,1208.96,1208.96,1,0,1,0,0
-528.02,-264.01,-264.01,1056.8700794326614,483.31,-1011.33,1,1,1,1,1
-1825.56,-912.78,-912.78,252.57854223983483,-734.18,-1091.38,0,2,0,2,1
-1085.11,-271.2775,-249.51999999999998,1347.0288653520631,948.29,-1534.36,2,2,2,2,1
3440.33,1146.7766666666666,943.06,371.2090869487617,1575.24,922.03,3,0,3,0,0
2417.06,483.412,909.3,1089.5700263268993,1459.1,-1355.0,4,1,4,1,0
2834.08,1417.04,1417.04,600.6872106179721,1841.79,992.29,2,0,2,0,0
-157.24,-17.471111111111114,27.12,441.73441145230146,515.33,-631.92,5,4,5,1,0
4830.62,805.1033333333334,796.8050000000001,252.39046160001104,1165.59,526.09,6,0,6,0,0
-3705.92,-411.7688888888889,-460.05,579.8588583966888,957.77,-957.77,1,8,1,2,0
-1892.9099999999999,-946.4549999999999,-946.4549999999999,89.18737831105928,-883.39,-1009.52,0,2,0,2,0
-6923.2,-1384.6399999999999,-1239.55,410.51314217695887,-995.87,-1854.23,0,5,0,3,0
-17240.07,-749.5682608695652,-876.05,588.5658411971516,922.76,-1492.64,2,21,2,2,1
-3639.35,-606.5583333333333,-574.04,370.918378429361,-159.25,-1286.58,0,6,0,2,0
-2514.34,-838.1133333333333,-900.39,365.5653657464467,-445.41,-1168.54,0,3,0,2,0
-4291.19,-715.1983333333333,-696.24,412.0975221190569,-127.94,-1345.87,0,6,0,3,0
-2013.88,-503.47,-810.2750000000001,968.8498447471965,893.0,-1286.33,1,3,1,2,1
-3289.56,-657.912,-667.68,140.06649660072173,-499.94,-857.65,0,5,0,3,0
-65093.71,-1301.8742,-1324.0,182.97213147997837,-292.67,-1823.22,0,50,0,2,0
-2146.79,-715.5966666666667,-611.54,359.9868303609639,-419.1,-1116.15,0,3,0,2,0
2274.5999999999995,284.32499999999993,284.30499999999995,991.0012969574906,1535.52,-1315.71,4,4,4,3,1
-1683.9,-336.78000000000003,-329.32,130.33045864263656,-178.7,-540.87,0,5,0,4,1
-4320.610000000001,-540.0762500000001,-770.425,769.1088196633352,1189.18,-1193.23,1,7,1,3,0
777.0300000000001,259.01000000000005,-109.14,768.5741815205608,1142.41,-256.24,1,2,1,2,1
-4666.8,-666.6857142857143,-891.49,441.899245260619,-132.48,-1152.31,0,7,0,3,0
-3345.83,-557.6383333333333,-336.925,481.80335123021575,-136.12,-1374.01,0,6,0,3,0
-1358.8899999999999,-679.4449999999999,-679.4449999999999,428.45721192436474,-376.48,-982.41,0,2,0,2,0
1438.2199999999998,239.7033333333333,427.775,1283.8958696976429,1791.35,-1680.57,3,3,3,3,1
1454.0300000000002,207.71857142857147,607.13,879.9171273937975,1082.79,-935.09,4,3,4,2,1
-2235.64,-745.2133333333333,-653.41,723.5164388134752,-71.98,-1510.25,0,3,0,3,0
2867.5600000000004,358.44500000000005,264.11,1042.6560509172168,1777.8,-1325.36,4,4,4,3,1
-3560.92,-1186.9733333333334,-1387.49,420.61500119864166,-703.62,-1469.81,0,3,0,3,0
3202.0299999999997,640.406,1028.23,938.0247110444371,1534.36,-604.94,3,2,3,2,1
-6433.639999999999,-584.8763636363636,-598.32,448.11459117669284,420.02,-1200.51,1,10,1,4,1
-3474.21,-579.035,-640.615,503.1081396976201,36.26,-1124.98,1,5,1,2,0
-4342.68,-1085.67,-890.115,484.6279291030044,-756.16,-1806.29,0,4,0,3,0
-1397.6799999999998,-698.8399999999999,-698.8399999999999,335.98885814859995,-461.26,-936.42,0,2,0,2,0
-5330.52,-761.5028571428572,-661.1,353.2199654943213,-291.24,-1291.66,0,7,0,3,0
-2904.75,-726.1875,-639.385,277.061017392078,-502.79,-1123.19,0,4,0,4,1
-631.1700000000001,-210.39000000000001,-1056.15,1663.814728147338,1706.41,-1281.43,1,2,1,2,1
-2349.29,-587.3225,-950.355,1007.9938703310651,897.45,-1346.03,1,3,1,3,1
-5120.61,-853.435,-813.8,369.77359601518333,-338.64,-1424.86,0,6,0,3,1
-6654.92,-950.7028571428572,-855.31,215.91406938211054,-855.31,-1434.61,0,7,0,1,0
-2265.41,-755.1366666666667,-966.53,409.08060933431364,-283.61,-1015.27,0,3,0,3,0
-2550.12,-637.53,-660.785,212.46838368723633,-356.88,-871.67,0,4,0,4,1
-3992.7,-998.175,-1007.705,198.60503728086385,-777.76,-1199.53,0,4,0,4,1
-3890.3199999999997,-1296.7733333333333,-1281.27,677.6380228656989,-627.02,-1982.03,0,3,0,3,1
-3899.8999999999996,-779.9799999999999,-942.35,453.90758899802506,-78.32,-1208.96,0,5,0,3,0
-2951.13,-590.226,-1125.86,982.3559456632814,1128.59,-1143.9,1,4,1,2,1
-3223.74,-1074.58,-998.78,529.2766442041441,-587.29,-1637.67,0,3,0,3,1
-1442.02,-480.67333333333335,-502.18,259.3995285911933,-211.19,-728.65,0,3,0,2,0
-813.0,-406.5,-406.5,26.346798667010756,-387.87,-425.13,0,2,0,2,0
-1622.06,-540.6866666666666,-618.77,310.66395258113437,-198.43,-804.86,0,3,0,2,0
-906.49,-90.649,-70.09,297.2118988365035,625.87,-527.71,1,9,1,3,1
-3296.04,-470.86285714285714,-485.07,633.1888487572063,788.59,-1336.88,1,6,1,3,1
-5968.71,-542.61,-752.8,623.3092695604646,919.04,-959.05,2,9,2,3,1
-3742.3599999999997,-1247.4533333333331,-1254.62,39.747558834893866,-1204.61,-1283.13,0,3,0,3,1
-4163.92,-832.784,-526.41,840.5771250040058,-27.18,-2104.83,0,5,0,4,1
-4838.8,-604.85,-602.72,202.81375488715892,-366.44,-1059.97,0,8,0,3,0
-3939.83,-984.9575,-1002.04,427.98994406995126,-536.46,-1399.29,0,4,0,4,1
-1393.55,-696.775,-696.775,114.16238982256813,-616.05,-777.5,0,2,0,2,1
-2956.12,-422.30285714285714,-1042.97,1213.7117889998196,1320.29,-1547.21,3,4,3,4,1
-3440.95,-860.2375,-648.705,584.3636869493176,-437.13,-1706.41,0,4,0,4,1
-1038.34,-519.17,-519.17,279.6607319592795,-321.42,-716.92,0,2,0,2,0
-1301.9,-650.95,-650.95,246.76612449848142,-476.46,-825.44,0,2,0,2,0
-7447.35,-572.873076923077,-675.43,585.4801483452793,576.15,-1562.75,2,11,2,3,1
71.08,71.08,71.08,0.0,71.08,71.08,1,0,1,0,0
785.72,785.72,785.72,0.0,785.72,785.72,1,0,1,0,1
-4799.51,-959.902,-1065.35,432.7910431374476,-280.64,-1337.04,0,5,0,2,1
-3226.77,-645.354,-416.01,712.5769886685929,-5.9,-1507.3,0,5,0,1,0
-8134.98,-1016.8725,-1111.755,415.80719198583245,-267.1,-1594.94,0,8,0,5,1
-666.07,-666.07,-666.07,0.0,-666.07,-666.07,0,1,0,1,0
-870.55,-870.55,-870.55,0.0,-870.55,-870.55,0,1,0,1,0
-3755.4,-751.08,-773.84,50.89290716789524,-660.04,-773.84,0,5,0,1,0
-5864.15,-533.1045454545455,-1145.81,975.0786334789994,1955.92,-1145.81,2,9,2,1,1
-1421.35,-710.675,-710.675,331.34316659620436,-476.38,-944.97,0,2,0,2,0
-1732.6200000000001,-577.5400000000001,-311.94,757.9448264880499,11.86,-1432.54,1,2,1,2,1
952.52,952.52,952.52,0.0,952.52,952.52,1,0,1,0,1
-3711.55,-927.8875,-860.5799999999999,193.04756346127076,-784.22,-1206.17,0,4,0,4,1
-3034.75,-1011.5833333333334,-1207.22,340.8898312260624,-617.96,-1209.57,0,3,0,3,1
-2422.87,-605.7175,-650.2249999999999,336.91976368021705,-159.27,-963.15,0,4,0,2,0
-6727.5599999999995,-747.5066666666667,-540.6,356.3493763148744,-350.95,-1309.06,0,9,0,3,1
-1232.34,-1232.34,-1232.34,0.0,-1232.34,-1232.34,0,1,0,1,1
-106.25,-106.25,-106.25,0.0,-106.25,-106.25,0,1,0,1,0
-1141.26,-1141.26,-1141.26,0.0,-1141.26,-1141.26,0,1,0,1,0
-522.7,-522.7,-522.7,0.0,-522.7,-522.7,0,1,0,1,1
-1333.21,-444.40333333333336,-447.11,72.8377274036837,-370.25,-515.85,0,3,0,1,0
-1196.85,-1196.85,-1196.85,0.0,-1196.85,-1196.85,0,1,0,1,1
-1339.17,-334.7925,-486.21,1077.6218576530762,1090.77,-1457.52,1,3,1,2,1
-7786.43,-778.643,-753.245,729.9894398787179,866.21,-1474.53,1,9,1,5,1
-525.4699999999999,-262.73499999999996,-262.73499999999996,1210.687017544171,593.35,-1118.82,1,1,1,1,1
-5001.95,-1000.39,-884.71,395.00122873226604,-466.54,-1392.54,0,5,0,1,0
476.42,476.42,476.42,0.0,476.42,476.42,1,0,1,0,0
-2253.74,-751.2466666666666,-781.87,280.51149073314866,-456.68,-1015.19,0,3,0,3,1
-1292.2000000000003,-430.7333333333334,-607.2,756.4875117497535,398.39,-1083.39,1,2,1,1,0
-2518.8,-314.85,-791.57,720.4394329455164,1041.44,-795.01,2,6,2,1,0
-148.02999999999997,-74.01499999999999,-74.01499999999999,1988.7024667481057,1332.21,-1480.24,1,1,1,1,1
-4319.4,-617.0571428571428,-714.18,226.480199334238,-107.15,-714.18,0,7,0,2,0
-824.18,-824.18,-824.18,0.0,-824.18,-824.18,0,1,0,1,0
-1477.1999999999998,-369.29999999999995,-572.3,863.4174471250856,777.76,-1110.36,1,3,1,3,1
-1349.95,-224.99166666666667,-280.915,716.9084561481101,587.39,-992.95,3,3,3,3,1
-4019.1099999999997,-803.8219999999999,-1009.53,968.3707855310381,818.3,-1797.86,1,4,1,3,0
-5444.19,-907.3649999999999,-876.045,222.84599881981276,-701.92,-1283.84,0,6,0,4,1
749.9199999999998,124.98666666666664,245.775,764.4325976740308,1009.52,-1110.14,3,3,3,3,0
412.55000000000007,137.51666666666668,239.83,973.8293781424616,1056.15,-883.43,2,1,2,1,0
-1913.1399999999999,-637.7133333333333,-560.16,209.9430344958683,-477.58,-875.4,0,3,0,3,0
-3338.09,-556.3483333333334,-685.575,847.5275863927184,1004.37,-1402.81,1,5,1,5,1
-1290.55,-645.275,-645.275,287.6298253832519,-441.89,-848.66,0,2,0,2,0
-4647.9,-774.65,-914.26,452.84079714619355,-24.73,-1184.2,0,6,0,2,0
-3912.51,-652.085,-585.62,185.88239225381193,-450.06,-940.33,0,6,0,4,1
705.52,705.52,705.52,0.0,705.52,705.52,1,0,1,0,1
-88.59999999999991,-44.299999999999955,-44.299999999999955,1190.400123991929,797.44,-886.04,1,1,1,1,1
215977.3,215977.3,215977.3,0.0,215977.3,215977.3,1,0,1,0,1
-905.5799999999999,-452.78999999999996,-452.78999999999996,6.208397538817888,-448.4,-457.18,0,2,0,1,0
-843.1700000000001,-210.79250000000002,-287.74499999999995,570.4381671063627,517.06,-784.74,1,3,1,1,0
-2673.4,-891.1333333333333,-890.32,1.408734656822669,-890.32,-892.76,0,3,0,1,0
-2381.03,-793.6766666666667,-1046.85,611.4615217111648,-96.29,-1237.89,0,3,0,3,1
354.34000000000003,88.58500000000001,246.055,1338.0801018499103,1239.97,-1377.74,2,2,2,2,1
-1024.52,-146.35999999999999,-158.28,305.6489222948447,447.7,-589.53,1,6,1,1,0
-336.62,-84.155,-280.77,749.5153732245924,987.3,-762.38,1,3,1,1,0
-5137.08,-733.8685714285714,-986.73,805.1282492545016,891.17,-1674.95,1,6,1,1,1
-1194.84,-597.42,-597.42,581.4256218984506,-186.29,-1008.55,0,2,0,2,1
1710.98,342.196,999.46,1095.6885848542915,1150.55,-1304.67,3,2,3,2,1
-300.3,-300.3,-300.3,0.0,-300.3,-300.3,0,1,0,1,0
-1220.54,-244.108,-817.82,981.7674301839514,929.21,-1174.32,2,3,2,3,1
347.78,347.78,347.78,0.0,347.78,347.78,1,0,1,0,0
10495.26,655.95375,660.58,659.1328316697629,1591.25,-1161.8,15,1,15,1,0
-2613.09,-522.618,-643.45,744.0248950942436,643.45,-1359.63,1,4,1,4,1
-349.30999999999995,-174.65499999999997,-174.65499999999997,579.6366417420486,235.21,-584.52,1,1,1,1,1
-4375.78,-625.1114285714285,-979.74,860.6458989702361,1183.68,-1338.6,1,6,1,3,1
-598.52,-199.50666666666666,-465.3,1286.3622864626177,1198.99,-1332.21,1,2,1,2,1
-2192.46,-365.41,-702.015,1131.345274158159,1701.38,-1302.0,2,4,2,3,1
-275.79,-275.79,-275.79,0.0,-275.79,-275.79,0,1,0,1,0
3926.7200000000003,140.24,328.90999999999997,892.6229370834068,1457.28,-1689.69,17,11,17,4,1
-1114.54,-371.5133333333333,-532.28,870.5851051065216,568.25,-1150.51,1,2,1,2,1
-34091.5,-501.34558823529414,-405.77,249.6348666949352,-88.41,-1670.91,0,68,0,7,1
-5126.71,-569.6344444444444,-368.3,367.1775663460089,-166.84,-1142.98,0,9,0,5,0
4068.5299999999997,813.7059999999999,965.24,777.1505759053389,1517.77,-450.72,4,1,4,1,0
-3154.0,-450.57142857142856,-546.25,490.16404986591215,546.25,-973.48,1,6,1,3,0
-3426.19,-856.5475,-742.9749999999999,432.0652167111659,-507.31,-1432.93,0,4,0,2,0
-43913.95,-914.8739583333332,-1301.23,873.5419189073034,1648.31,-1628.46,7,41,7,4,1
-818.6500000000001,-204.66250000000002,-193.30000000000007,1546.574453933057,1143.0,-1575.05,2,2,2,1,1
-3063.5800000000004,-510.59666666666675,-436.84000000000003,350.23883814715157,-171.12,-1070.28,0,6,0,4,0
-3947.35,-171.62391304347827,-165.24,836.5029671725842,1690.65,-1965.24,5,18,5,5,0
-144793.0,-565.59765625,-632.51,325.94696268669446,1790.48,-1675.54,15,241,15,8,1
2123.31,265.41375,428.53499999999997,463.17400392563053,774.2,-442.41,6,2,6,2,1
