src,dst,sum,mean,median,std,max,min,count,is_sar
0,682,2782.45,556.49,492.47,361.55035278644107,1130.3,130.72,5,0
1,922,4273.71,854.742,682.01,559.8989732710714,1832.76,493.73,5,0
2,922,1917.8400000000001,383.56800000000004,316.63,243.89298579499984,640.21,127.9,5,0
3,767,11668.66,972.3883333333333,1030.82,288.9212364778311,1188.16,79.21,12,0
4,241,2921.2,365.15,193.61,283.92033072677276,885.33,176.33,8,0
5,686,23273.499999999996,283.82317073170725,265.59,129.1180807822207,1410.08,265.59,82,0
5,692,533.73,533.73,533.73,0.0,533.73,533.73,1,1
6,412,3785.19,1261.73,1093.2,291.9025225995829,1598.79,1093.2,3,0
6,480,518.18,518.18,518.18,0.0,518.18,518.18,1,1
6,802,466.36,466.36,466.36,0.0,466.36,466.36,1,1
7,604,579.65,579.65,579.65,0.0,579.65,579.65,1,0
7,914,559.0,279.5,279.5,59.227263992185215,321.38,237.62,2,0
8,918,992.37,992.37,992.37,0.0,992.37,992.37,1,0
9,314,1275.48,637.74,637.74,162.8184074360144,752.87,522.61,2,0
10,323,1557.71,778.855,778.855,373.5857257042886,1043.02,514.69,2,0
10,713,248.72,248.72,248.72,0.0,248.72,248.72,1,0
11,143,928.33,928.33,928.33,0.0,928.33,928.33,1,1
11,572,124.19,124.19,124.19,0.0,124.19,124.19,1,0
11,700,107.08,107.08,107.08,0.0,107.08,107.08,1,0
12,496,318.07,318.07,318.07,0.0,318.07,318.07,1,0
12,583,745.04,745.04,745.04,0.0,745.04,745.04,1,1
12,826,1609.5,1609.5,1609.5,0.0,1609.5,1609.5,1,0
12,848,1231.14,1231.14,1231.14,0.0,1231.14,1231.14,1,1
13,336,1492.69,746.345,746.345,72.13196274883971,797.35,695.34,2,0
13,654,1096.21,548.105,548.105,341.8366312290127,789.82,306.39,2,0
14,470,267.76,267.76,267.76,0.0,267.76,267.76,1,0
15,48,717.63,717.63,717.63,0.0,717.63,717.63,1,1
15,107,1250.31,1250.31,1250.31,0.0,1250.31,1250.31,1,1
15,394,384.76,192.38,192.38,86.15389021976895,253.3,131.46,2,0
15,708,493.15,493.15,493.15,0.0,493.15,493.15,1,0
15,726,653.75,653.75,653.75,0.0,653.75,653.75,1,1
15,863,1127.09,1127.09,1127.09,0.0,1127.09,1127.09,1,1
16,256,1867.8899999999999,933.9449999999999,933.9449999999999,168.41162207519994,1053.03,814.86,2,0
16,825,202.45,202.45,202.45,0.0,202.45,202.45,1,0
17,318,1074.31,537.155,537.155,558.2113062720962,931.87,142.44,2,0
17,895,884.64,884.64,884.64,0.0,884.64,884.64,1,0
18,228,756.22,756.22,756.22,0.0,756.22,756.22,1,0
18,510,456.15,456.15,456.15,0.0,456.15,456.15,1,1
18,798,986.64,986.64,986.64,0.0,986.64,986.64,1,0
19,321,488.52,488.52,488.52,0.0,488.52,488.52,1,0
19,391,1280.3600000000001,640.1800000000001,640.1800000000001,530.5846443311378,1015.36,265.0,2,0
19,441,989.59,989.59,989.59,0.0,989.59,989.59,1,1
19,834,989.59,989.59,989.59,0.0,989.59,989.59,1,1
20,559,30.72,30.72,30.72,0.0,30.72,30.72,1,0
20,841,603.28,603.28,603.28,0.0,603.28,603.28,1,0
21,692,541.57,541.57,541.57,0.0,541.57,541.57,1,1
21,871,585.7,585.7,585.7,0.0,585.7,585.7,1,0
21,924,944.43,944.43,944.43,0.0,944.43,944.43,1,0
22,665,1663.07,831.535,831.535,187.17823604789103,963.89,699.18,2,0
22,753,159.14,159.14,159.14,0.0,159.14,159.14,1,0
23,420,812.84,812.84,812.84,0.0,812.84,812.84,1,1
23,576,1240.95,620.475,620.475,288.15308440133,824.23,416.72,2,0
23,710,920.73,920.73,920.73,0.0,920.73,920.73,1,0
24,202,2392.2,797.4,922.06,297.6393851626495,1012.44,457.7,3,0
24,826,498.32,498.32,498.32,0.0,498.32,498.32,1,1
24,879,553.69,553.69,553.69,0.0,553.69,553.69,1,1
24,885,939.74,939.74,939.74,0.0,939.74,939.74,1,0
25,230,1319.06,1319.06,1319.06,0.0,1319.06,1319.06,1,1
25,281,557.97,557.97,557.97,0.0,557.97,557.97,1,0
25,418,1319.06,1319.06,1319.06,0.0,1319.06,1319.06,1,1
25,733,1024.1,1024.1,1024.1,0.0,1024.1,1024.1,1,0
26,900,112.96,112.96,112.96,0.0,112.96,112.96,1,0
26,923,1344.37,1344.37,1344.37,0.0,1344.37,1344.37,1,0
27,515,991.53,991.53,991.53,0.0,991.53,991.53,1,0
27,667,688.64,688.64,688.64,0.0,688.64,688.64,1,0
28,328,1129.75,1129.75,1129.75,0.0,1129.75,1129.75,1,1
28,373,2100.61,1050.305,1050.305,796.0961695988747,1613.23,487.38,2,0
28,831,1255.28,1255.28,1255.28,0.0,1255.28,1255.28,1,1
29,585,1253.87,626.935,626.935,536.828397209015,1006.53,247.34,2,0
30,276,2018.01,1009.005,1009.005,51.229886296965404,1045.23,972.78,2,0
30,567,1133.51,566.755,566.755,369.95119684898975,828.35,305.16,2,0
31,923,403.24,403.24,403.24,0.0,403.24,403.24,1,0
32,275,472.35,472.35,472.35,0.0,472.35,472.35,1,0
33,244,2358.23,1179.115,1179.115,578.7456871977535,1588.35,769.88,2,0
33,433,716.96,716.96,716.96,0.0,716.96,716.96,1,0
34,735,807.19,807.19,807.19,0.0,807.19,807.19,1,0
35,239,1713.34,856.67,856.67,71.57334839170235,907.28,806.06,2,0
35,926,634.64,634.64,634.64,0.0,634.64,634.64,1,0
36,327,1490.79,745.395,745.395,151.96431834480094,852.85,637.94,2,0
36,910,4.6,4.6,4.6,0.0,4.6,4.6,1,0
37,366,399.55,399.55,399.55,0.0,399.55,399.55,1,0
37,593,1079.6200000000001,539.8100000000001,539.8100000000001,353.56753272889756,789.82,289.8,2,0
38,285,234.57,117.285,117.285,10.981368311827083,125.05,109.52,2,0
38,694,1248.28,624.14,624.14,673.7454832501661,1100.55,147.73,2,0
39,380,899.04,899.04,899.04,0.0,899.04,899.04,1,0
39,403,516.99,516.99,516.99,0.0,516.99,516.99,1,0
40,218,1397.75,1397.75,1397.75,0.0,1397.75,1397.75,1,1
40,408,315.36,315.36,315.36,0.0,315.36,315.36,1,0
40,620,1422.36,1422.36,1422.36,0.0,1422.36,1422.36,1,1
40,784,551.55,551.55,551.55,0.0,551.55,551.55,1,1
40,916,1244.0,1244.0,1244.0,0.0,1244.0,1244.0,1,0
41,350,619.2,619.2,619.2,0.0,619.2,619.2,1,1
41,363,1918.23,959.115,959.115,924.9734515379348,1613.17,305.06,2,0
41,728,727.04,727.04,727.04,0.0,727.04,727.04,1,0
41,779,688.01,688.01,688.01,0.0,688.01,688.01,1,1
42,588,1235.6,617.8,617.8,142.6092956297028,718.64,516.96,2,0
42,917,957.73,957.73,957.73,0.0,957.73,957.73,1,0
43,681,1884.8,942.4,942.4,233.48665914779804,1107.5,777.3,2,0
43,908,5.8,5.8,5.8,0.0,5.8,5.8,1,0
44,492,697.45,697.45,697.45,0.0,697.45,697.45,1,0
44,594,1019.02,1019.02,1019.02,0.0,1019.02,1019.02,1,0
45,476,978.97,978.97,978.97,0.0,978.97,978.97,1,0
45,924,850.43,850.43,850.43,0.0,850.43,850.43,1,0
46,668,1554.25,777.125,777.125,930.0080518199829,1434.74,119.51,2,0
46,672,1454.13,727.065,727.065,621.3559418320549,1166.43,287.7,2,0
47,602,1780.45,890.225,890.225,807.3815938266118,1461.13,319.32,2,0
47,788,1927.9,1927.9,1927.9,0.0,1927.9,1927.9,1,0
48,566,1492.85,746.425,746.425,138.64242658724638,844.46,648.39,2,0
48,635,1515.8600000000001,757.9300000000001,757.9300000000001,71.30464781485152,808.35,707.51,2,0
48,709,1479.25,1479.25,1479.25,0.0,1479.25,1479.25,1,1
48,835,861.93,861.93,861.93,0.0,861.93,861.93,1,1
49,315,941.07,941.07,941.07,0.0,941.07,941.07,1,0
49,777,703.66,703.66,703.66,0.0,703.66,703.66,1,0
50,407,764.69,764.69,764.69,0.0,764.69,764.69,1,0
51,742,102.36,102.36,102.36,0.0,102.36,102.36,1,0
51,787,78.24,78.24,78.24,0.0,78.24,78.24,1,0
52,807,876.31,876.31,876.31,0.0,876.31,876.31,1,1
52,919,194.41,194.41,194.41,0.0,194.41,194.41,1,0
52,926,1068.84,1068.84,1068.84,0.0,1068.84,1068.84,1,0
53,261,505.89,505.89,505.89,0.0,505.89,505.89,1,1
53,567,754.05,754.05,754.05,0.0,754.05,754.05,1,1
53,597,2265.68,1132.84,1132.84,155.86047670913874,1243.05,1022.63,2,0
54,427,784.63,784.63,784.63,0.0,784.63,784.63,1,0
54,489,487.3,487.3,487.3,0.0,487.3,487.3,1,0
55,239,528.02,528.02,528.02,0.0,528.02,528.02,1,1
55,804,252.53,252.53,252.53,0.0,252.53,252.53,1,0
55,921,769.31,769.31,769.31,0.0,769.31,769.31,1,0
56,568,1954.02,977.01,977.01,441.3053421385242,1289.06,664.96,2,0
56,693,1395.0700000000002,697.5350000000001,697.5350000000001,26.580143904802384,716.33,678.74,2,0
57,629,2257.08,1128.54,1128.54,741.1327594972441,1652.6,604.48,2,0
57,920,1315.73,1315.73,1315.73,0.0,1315.73,1315.73,1,0
58,416,895.92,895.92,895.92,0.0,895.92,895.92,1,0
58,663,1647.29,823.645,823.645,654.7172397684361,1286.6,360.69,2,0
58,892,560.33,560.33,560.33,0.0,560.33,560.33,1,1
59,760,751.63,751.63,751.63,0.0,751.63,751.63,1,0
59,911,953.66,953.66,953.66,0.0,953.66,953.66,1,0
60,765,1710.78,1710.78,1710.78,0.0,1710.78,1710.78,1,0
61,561,509.69,509.69,509.69,0.0,509.69,509.69,1,0
61,606,1560.61,780.305,780.305,467.8289175008316,1111.11,449.5,2,0
62,130,960.92,960.92,960.92,0.0,960.92,960.92,1,1
62,551,1178.58,1178.58,1178.58,0.0,1178.58,1178.58,1,1
62,609,708.0,708.0,708.0,0.0,708.0,708.0,1,1
62,615,955.92,477.96,477.96,559.3921745966777,873.51,82.41,2,0
62,679,1649.52,824.76,824.76,887.9846958140664,1452.66,196.86,2,0
62,853,1031.61,1031.61,1031.61,0.0,1031.61,1031.61,1,1
62,870,1697.07,1697.07,1697.07,0.0,1697.07,1697.07,1,1
62,889,1639.66,1639.66,1639.66,0.0,1639.66,1639.66,1,1
63,313,1083.83,1083.83,1083.83,0.0,1083.83,1083.83,1,1
63,681,896.0,896.0,896.0,0.0,896.0,896.0,1,0
63,718,710.85,710.85,710.85,0.0,710.85,710.85,1,0
64,442,464.8,464.8,464.8,0.0,464.8,464.8,1,0
64,576,1436.83,1436.83,1436.83,0.0,1436.83,1436.83,1,0
65,805,790.49,790.49,790.49,0.0,790.49,790.49,1,0
66,133,1639.66,1639.66,1639.66,0.0,1639.66,1639.66,1,1
66,299,2120.09,1060.045,1060.045,944.4471722918122,1727.87,392.22,2,0
66,641,2260.9700000000003,1130.4850000000001,1130.4850000000001,1071.5001187354112,1888.15,372.82,2,0
67,488,650.11,650.11,650.11,0.0,650.11,650.11,1,0
67,780,884.64,884.64,884.64,0.0,884.64,884.64,1,0
68,438,1452.69,1452.69,1452.69,0.0,1452.69,1452.69,1,0
69,604,1176.3600000000001,588.1800000000001,588.1800000000001,213.64524286770342,739.25,437.11,2,0
69,925,540.62,540.62,540.62,0.0,540.62,540.62,1,0
70,696,559.67,559.67,559.67,0.0,559.67,559.67,1,0
70,776,541.79,541.79,541.79,0.0,541.79,541.79,1,0
71,847,936.48,468.24,468.24,467.0157447024672,798.47,138.01,2,0
71,917,1068.68,1068.68,1068.68,0.0,1068.68,1068.68,1,0
72,746,814.82,814.82,814.82,0.0,814.82,814.82,1,0
72,926,183.86,183.86,183.86,0.0,183.86,183.86,1,0
73,307,116.75,116.75,116.75,0.0,116.75,116.75,1,0
73,501,295.5,295.5,295.5,0.0,295.5,295.5,1,0
74,465,485.15,485.15,485.15,0.0,485.15,485.15,1,1
74,615,2583.91,1291.955,1291.955,475.4656707376464,1628.16,955.75,2,0
74,846,555.78,555.78,555.78,0.0,555.78,555.78,1,0
75,386,1064.08,1064.08,1064.08,0.0,1064.08,1064.08,1,0
75,926,821.28,821.28,821.28,0.0,821.28,821.28,1,0
76,553,426.97,426.97,426.97,0.0,426.97,426.97,1,0
76,774,291.28,291.28,291.28,0.0,291.28,291.28,1,0
77,143,810.96,810.96,810.96,0.0,810.96,810.96,1,1
77,424,199.24,199.24,199.24,0.0,199.24,199.24,1,0
77,898,151.23,151.23,151.23,0.0,151.23,151.23,1,0
78,608,1082.8,1082.8,1082.8,0.0,1082.8,1082.8,1,1
78,916,894.75,894.75,894.75,0.0,894.75,894.75,1,0
79,516,487.37,487.37,487.37,0.0,487.37,487.37,1,0
79,738,1003.75,1003.75,1003.75,0.0,1003.75,1003.75,1,0
80,829,2000.12,1000.06,1000.06,116.61605035328543,1082.52,917.6,2,0
81,924,633.55,633.55,633.55,0.0,633.55,633.55,1,0
82,524,733.18,733.18,733.18,0.0,733.18,733.18,1,0
82,695,1260.41,630.205,630.205,537.4082247695881,1010.21,250.2,2,0
83,142,933.86,933.86,933.86,0.0,933.86,933.86,1,1
83,190,1509.15,1509.15,1509.15,0.0,1509.15,1509.15,1,1
83,437,254.79,254.79,254.79,0.0,254.79,254.79,1,0
83,886,654.47,654.47,654.47,0.0,654.47,654.47,1,0
83,908,629.19,629.19,629.19,0.0,629.19,629.19,1,1
84,329,2469.05,1234.525,1234.525,53.95931847234564,1272.68,1196.37,2,0
84,804,1329.88,1329.88,1329.88,0.0,1329.88,1329.88,1,0
85,389,891.97,445.985,445.985,262.2305498030312,631.41,260.56,2,0
85,591,898.49,898.49,898.49,0.0,898.49,898.49,1,0
86,257,281.48,281.48,281.48,0.0,281.48,281.48,1,0
86,628,1984.9899999999998,992.4949999999999,992.4949999999999,85.68012867637398,1053.08,931.91,2,0
87,818,899.15,449.575,449.575,77.78881699833208,504.58,394.57,2,0
87,920,972.69,972.69,972.69,0.0,972.69,972.69,1,0
88,533,199.37,199.37,199.37,0.0,199.37,199.37,1,0
88,907,655.05,655.05,655.05,0.0,655.05,655.05,1,0
89,529,1231.69,1231.69,1231.69,0.0,1231.69,1231.69,1,0
90,838,1473.47,736.735,736.735,685.8299381406443,1221.69,251.78,2,0
90,907,1328.18,1328.18,1328.18,0.0,1328.18,1328.18,1,0
91,214,1067.24,533.62,533.62,102.40320405143582,606.03,461.21,2,0
91,236,1066.6,1066.6,1066.6,0.0,1066.6,1066.6,1,1
91,329,1423.58,1423.58,1423.58,0.0,1423.58,1423.58,1,1
91,428,1419.85,1419.85,1419.85,0.0,1419.85,1419.85,1,1
91,493,1280.12,1280.12,1280.12,0.0,1280.12,1280.12,1,1
91,844,537.27,537.27,537.27,0.0,537.27,537.27,1,0
91,903,1391.93,1391.93,1391.93,0.0,1391.93,1391.93,1,1
92,460,1022.42,1022.42,1022.42,0.0,1022.42,1022.42,1,1
93,789,772.73,772.73,772.73,0.0,772.73,772.73,1,0
93,926,902.91,902.91,902.91,0.0,902.91,902.91,1,0
94,845,1541.5700000000002,770.7850000000001,770.7850000000001,73.84316115931108,823.0,718.57,2,0
94,926,1080.03,1080.03,1080.03,0.0,1080.03,1080.03,1,0
95,691,2073.05,1036.525,1036.525,1220.148106276447,1899.3,173.75,2,0
96,863,799.71,799.71,799.71,0.0,799.71,799.71,1,0
96,909,1217.29,1217.29,1217.29,0.0,1217.29,1217.29,1,0
97,337,1379.69,689.845,689.845,114.64322243377498,770.91,608.78,2,0
97,454,800.95,800.95,800.95,0.0,800.95,800.95,1,1
97,600,760.69,760.69,760.69,0.0,760.69,760.69,1,0
98,355,1744.36,872.18,872.18,310.278455584657,1091.58,652.78,2,0
98,563,123.31,123.31,123.31,0.0,123.31,123.31,1,0
99,246,1811.6100000000001,905.8050000000001,905.8050000000001,425.45907917213384,1206.65,604.96,2,0
99,536,627.02,627.02,627.02,0.0,627.02,627.02,1,0
100,926,546.18,546.18,546.18,0.0,546.18,546.18,1,0
101,812,492.47,492.47,492.47,0.0,492.47,492.47,1,0
102,639,521.45,521.45,521.45,0.0,521.45,521.45,1,1
102,806,580.64,580.64,580.64,0.0,580.64,580.64,1,0
102,826,1170.36,1170.36,1170.36,0.0,1170.36,1170.36,1,0
103,833,2817.04,1408.52,1408.52,339.5809605970277,1648.64,1168.4,2,0
103,856,382.84,382.84,382.84,0.0,382.84,382.84,1,0
104,755,1076.84,1076.84,1076.84,0.0,1076.84,1076.84,1,0
104,926,1239.43,1239.43,1239.43,0.0,1239.43,1239.43,1,0
105,460,1763.31,1763.31,1763.31,0.0,1763.31,1763.31,1,1
105,592,923.69,461.845,461.845,263.1215043473262,647.9,275.79,2,0
105,867,1147.65,1147.65,1147.65,0.0,1147.65,1147.65,1,0
106,640,953.9300000000001,476.96500000000003,476.96500000000003,58.159532752593556,518.09,435.84,2,0
106,847,894.09,894.09,894.09,0.0,894.09,894.09,1,0
107,609,666.4399999999999,333.21999999999997,333.21999999999997,423.27411921826734,632.52,33.92,2,0
107,709,744.02,744.02,744.02,0.0,744.02,744.02,1,1
107,813,733.09,733.09,733.09,0.0,733.09,733.09,1,0
107,835,929.65,929.65,929.65,0.0,929.65,929.65,1,1
108,208,2901.24,967.0799999999999,1033.17,295.56964779895793,1224.01,644.06,3,0
108,365,1260.5500000000002,630.2750000000001,630.2750000000001,4.716402230514284,633.61,626.94,2,0
109,514,716.43,716.43,716.43,0.0,716.43,716.43,1,0
110,906,1262.89,631.445,631.445,391.02297892834895,907.94,354.95,2,0
111,883,988.29,494.145,494.145,192.48153690679007,630.25,358.04,2,0
112,668,538.99,538.99,538.99,0.0,538.99,538.99,1,0
112,923,1220.55,1220.55,1220.55,0.0,1220.55,1220.55,1,0
113,229,1186.58,1186.58,1186.58,0.0,1186.58,1186.58,1,1
113,791,709.18,709.18,709.18,0.0,709.18,709.18,1,0
113,867,210.51,210.51,210.51,0.0,210.51,210.51,1,0
114,626,1228.2,1228.2,1228.2,0.0,1228.2,1228.2,1,0
114,896,360.61,360.61,360.61,0.0,360.61,360.61,1,0
115,135,585.65,585.65,585.65,0.0,585.65,585.65,1,1
115,334,1366.18,683.09,683.09,316.24643681787154,906.71,459.47,2,0
115,670,1030.92,1030.92,1030.92,0.0,1030.92,1030.92,1,0
116,295,2663.1,1331.55,1331.55,485.65507945454465,1674.96,988.14,2,0
116,534,232.98,232.98,232.98,0.0,232.98,232.98,1,0
117,600,2137.3,1068.65,1068.65,211.75019669412367,1218.38,918.92,2,0
117,876,1421.28,1421.28,1421.28,0.0,1421.28,1421.28,1,0
118,634,802.57,802.57,802.57,0.0,802.57,802.57,1,0
119,375,1584.37,792.185,792.185,791.8676710473788,1352.12,232.25,2,0
119,481,1743.55,1743.55,1743.55,0.0,1743.55,1743.55,1,1
119,914,1328.82,664.41,664.41,610.0210201296345,1095.76,233.06,2,0
120,829,1506.35,753.175,753.175,580.6124491000861,1163.73,342.62,2,0
120,897,902.82,902.82,902.82,0.0,902.82,902.82,1,0
121,254,1199.3,599.65,599.65,369.25116113561506,860.75,338.55,2,0
121,326,1585.9699999999998,792.9849999999999,792.9849999999999,697.723474200202,1286.35,299.62,2,0
121,434,326.94,326.94,326.94,0.0,326.94,326.94,1,1
121,828,363.27,363.27,363.27,0.0,363.27,363.27,1,1
122,814,626.94,626.94,626.94,0.0,626.94,626.94,1,0
123,385,217.54,217.54,217.54,0.0,217.54,217.54,1,0
123,786,1053.83,1053.83,1053.83,0.0,1053.83,1053.83,1,0
124,635,193.65,193.65,193.65,0.0,193.65,193.65,1,0
125,313,2444.91,1222.455,1222.455,410.14314629163306,1512.47,932.44,2,0
125,400,2978.91,1489.455,1489.455,144.3417072436098,1591.52,1387.39,2,0
126,517,1168.54,1168.54,1168.54,0.0,1168.54,1168.54,1,1
126,773,825.55,825.55,825.55,0.0,825.55,825.55,1,1
126,825,617.04,617.04,617.04,0.0,617.04,617.04,1,0
126,879,368.34,368.34,368.34,0.0,368.34,368.34,1,0
126,919,549.05,549.05,549.05,0.0,549.05,549.05,1,1
127,916,787.01,787.01,787.01,0.0,787.01,787.01,1,0
128,593,111.05,111.05,111.05,0.0,111.05,111.05,1,0
129,599,874.85,874.85,874.85,0.0,874.85,874.85,1,0
129,843,1078.5,539.25,539.25,348.81577515932383,785.9,292.6,2,0
130,763,285.58,285.58,285.58,0.0,285.58,285.58,1,0
130,845,251.08,251.08,251.08,0.0,251.08,251.08,1,0
131,390,1170.4499999999998,585.2249999999999,585.2249999999999,157.25347706807625,696.42,474.03,2,0
131,800,1166.61,1166.61,1166.61,0.0,1166.61,1166.61,1,0
132,286,971.19,971.19,971.19,0.0,971.19,971.19,1,1
132,462,1043.32,1043.32,1043.32,0.0,1043.32,1043.32,1,1
133,320,565.24,565.24,565.24,0.0,565.24,565.24,1,1
133,353,1035.97,1035.97,1035.97,0.0,1035.97,1035.97,1,1
133,499,1322.57,1322.57,1322.57,0.0,1322.57,1322.57,1,1
133,509,754.84,754.84,754.84,0.0,754.84,754.84,1,1
133,571,882.78,882.78,882.78,0.0,882.78,882.78,1,0
133,617,1092.4,1092.4,1092.4,0.0,1092.4,1092.4,1,1
133,922,170.41,170.41,170.41,0.0,170.41,170.41,1,0
134,336,534.14,534.14,534.14,0.0,534.14,534.14,1,1
134,356,115.79,115.79,115.79,0.0,115.79,115.79,1,0
134,703,554.62,554.62,554.62,0.0,554.62,554.62,1,0
135,311,1223.88,611.94,611.94,90.46724158500689,675.91,547.97,2,0
135,354,698.02,698.02,698.02,0.0,698.02,698.02,1,0
135,676,1269.33,1269.33,1269.33,0.0,1269.33,1269.33,1,1
135,712,632.08,632.08,632.08,0.0,632.08,632.08,1,1
135,725,1118.64,1118.64,1118.64,0.0,1118.64,1118.64,1,1
135,869,524.26,524.26,524.26,0.0,524.26,524.26,1,1
136,850,916.6600000000001,458.33000000000004,458.33000000000004,473.7756855306106,793.34,123.32,2,0
136,887,1198.98,599.49,599.49,9.362093782909895,606.11,592.87,2,0
137,460,1285.08,1285.08,1285.08,0.0,1285.08,1285.08,1,0
138,608,1805.12,1805.12,1805.12,0.0,1805.12,1805.12,1,0
138,923,423.25,423.25,423.25,0.0,423.25,423.25,1,0
139,899,310.54,310.54,310.54,0.0,310.54,310.54,1,0
140,451,955.03,955.03,955.03,0.0,955.03,955.03,1,0
140,637,2021.79,1010.895,1010.895,807.2543146059983,1581.71,440.08,2,0
141,625,523.77,523.77,523.77,0.0,523.77,523.77,1,0
141,796,522.1,522.1,522.1,0.0,522.1,522.1,1,0
141,926,1076.03,1076.03,1076.03,0.0,1076.03,1076.03,1,0
142,752,245.84,245.84,245.84,0.0,245.84,245.84,1,0
142,918,695.86,695.86,695.86,0.0,695.86,695.86,1,0
143,182,690.07,690.07,690.07,0.0,690.07,690.07,1,1
143,625,963.87,963.87,963.87,0.0,963.87,963.87,1,0
143,662,1185.1100000000001,592.5550000000001,592.5550000000001,436.12224943242694,900.94,284.17,2,0
143,692,1532.6399999999999,766.3199999999999,766.3199999999999,235.97567501757462,933.18,599.46,2,0
144,491,555.11,555.11,555.11,0.0,555.11,555.11,1,0
144,905,137.94,137.94,137.94,0.0,137.94,137.94,1,0
145,757,322.05,322.05,322.05,0.0,322.05,322.05,1,0
145,839,1789.6,894.8,894.8,621.4620078492328,1334.24,455.36,2,0
146,372,147.85,147.85,147.85,0.0,147.85,147.85,1,0
146,676,1121.85,560.925,560.925,285.0559566997329,762.49,359.36,2,0
146,926,1944.96,1944.96,1944.96,0.0,1944.96,1944.96,1,0
147,454,1242.74,1242.74,1242.74,0.0,1242.74,1242.74,1,1
147,706,41.95,41.95,41.95,0.0,41.95,41.95,1,0
147,820,1330.72,665.36,665.36,484.6792720965072,1008.08,322.64,2,0
148,227,1087.4,1087.4,1087.4,0.0,1087.4,1087.4,1,1
148,381,1054.21,527.105,527.105,374.88680218167195,792.19,262.02,2,0
148,699,1631.3500000000001,815.6750000000001,815.6750000000001,529.5593394984173,1190.13,441.22,2,0
148,762,1143.04,1143.04,1143.04,0.0,1143.04,1143.04,1,1
148,861,850.52,850.52,850.52,0.0,850.52,850.52,1,0
149,841,2417.25,1208.625,1208.625,475.4939550088938,1544.85,872.4,2,0
150,215,1292.77,646.385,646.385,277.4757720054131,842.59,450.18,2,0
150,739,1018.19,1018.19,1018.19,0.0,1018.19,1018.19,1,0
150,859,223.07,223.07,223.07,0.0,223.07,223.07,1,0
151,322,1594.25,797.125,797.125,240.52237162060422,967.2,627.05,2,0
151,723,569.02,569.02,569.02,0.0,569.02,569.02,1,0
151,882,82.33,82.33,82.33,0.0,82.33,82.33,1,0
152,248,1575.53,787.765,787.765,273.275557725165,981.0,594.53,2,0
152,607,277.22,277.22,277.22,0.0,277.22,277.22,1,0
152,674,371.52,371.52,371.52,0.0,371.52,371.52,1,0
153,313,988.18,988.18,988.18,0.0,988.18,988.18,1,1
153,519,2096.51,2096.51,2096.51,0.0,2096.51,2096.51,1,0
153,666,924.82,462.41,462.41,69.91871852372581,511.85,412.97,2,0
153,694,461.6,230.8,230.8,159.97583817564453,343.92,117.68,2,0
154,349,1748.77,874.385,874.385,220.35568622116384,1030.2,718.57,2,0
154,858,32.8,32.8,32.8,0.0,32.8,32.8,1,0
155,344,993.27,496.635,496.635,116.50998433610742,579.02,414.25,2,0
155,661,474.02,474.02,474.02,0.0,474.02,474.02,1,0
155,753,718.08,718.08,718.08,0.0,718.08,718.08,1,0
156,702,1104.96,1104.96,1104.96,0.0,1104.96,1104.96,1,0
156,714,678.7,678.7,678.7,0.0,678.7,678.7,1,0
156,914,597.32,597.32,597.32,0.0,597.32,597.32,1,0
157,206,2759.92,1379.96,1379.96,432.18366466121796,1685.56,1074.36,2,0
157,790,959.85,959.85,959.85,0.0,959.85,959.85,1,0
158,404,652.27,652.27,652.27,0.0,652.27,652.27,1,0
158,715,911.77,911.77,911.77,0.0,911.77,911.77,1,0
158,767,1616.9,1616.9,1616.9,0.0,1616.9,1616.9,1,0
159,924,1208.74,1208.74,1208.74,0.0,1208.74,1208.74,1,0
159,925,115.81,115.81,115.81,0.0,115.81,115.81,1,0
160,364,1098.21,549.105,549.105,330.6643440862652,782.92,315.29,2,0
160,768,818.93,818.93,818.93,0.0,818.93,818.93,1,0
160,789,678.11,678.11,678.11,0.0,678.11,678.11,1,0
161,223,1098.75,549.375,549.375,94.19369432186002,615.98,482.77,2,0
161,308,2634.4700000000003,1317.2350000000001,1317.2350000000001,269.40061256426264,1507.73,1126.74,2,0
161,731,787.05,787.05,787.05,0.0,787.05,787.05,1,0
162,432,536.78,536.78,536.78,0.0,536.78,536.78,1,0
162,494,238.27,238.27,238.27,0.0,238.27,238.27,1,0
162,918,335.96,335.96,335.96,0.0,335.96,335.96,1,0
163,859,1131.32,1131.32,1131.32,0.0,1131.32,1131.32,1,0
163,923,666.07,666.07,666.07,0.0,666.07,666.07,1,0
164,219,765.22,765.22,765.22,0.0,765.22,765.22,1,0
164,261,1439.21,1439.21,1439.21,0.0,1439.21,1439.21,1,1
164,567,1430.24,1430.24,1430.24,0.0,1430.24,1430.24,1,1
164,857,1900.94,1900.94,1900.94,0.0,1900.94,1900.94,1,0
165,612,1770.4,885.2,885.2,194.46850696192428,1022.71,747.69,2,0
165,919,1179.3,1179.3,1179.3,0.0,1179.3,1179.3,1,0
166,230,1115.97,557.985,557.985,694.6970571767237,1049.21,66.76,2,0
166,422,256.21,256.21,256.21,0.0,256.21,256.21,1,0
166,579,1060.92,530.46,530.46,373.36652260212077,794.47,266.45,2,0
167,317,1096.67,548.335,548.335,446.94098318458106,864.37,232.3,2,0
167,331,1348.0500000000002,674.0250000000001,674.0250000000001,198.22324397002492,814.19,533.86,2,0
168,552,973.42,973.42,973.42,0.0,973.42,973.42,1,0
168,826,842.11,842.11,842.11,0.0,842.11,842.11,1,0
168,868,466.54,466.54,466.54,0.0,466.54,466.54,1,0
169,830,1007.77,503.885,503.885,225.36200223196457,663.24,344.53,2,0
169,921,754.46,754.46,754.46,0.0,754.46,754.46,1,0
170,362,633.1800000000001,316.59000000000003,316.59000000000003,16.27759810291437,328.1,305.08,2,0
170,784,428.66,428.66,428.66,0.0,428.66,428.66,1,0
170,926,1362.67,1362.67,1362.67,0.0,1362.67,1362.67,1,0
171,639,785.53,392.765,392.765,190.14808452887453,527.22,258.31,2,0
171,657,867.8900000000001,433.94500000000005,433.94500000000005,165.837753391681,551.21,316.68,2,0
171,710,141.61,141.61,141.61,0.0,141.61,141.61,1,0
172,291,1271.29,635.645,635.645,596.9041893386241,1057.72,213.57,2,0
172,371,792.15,792.15,792.15,0.0,792.15,792.15,1,0
172,924,792.16,792.16,792.16,0.0,792.16,792.16,1,0
173,207,1549.63,774.815,774.815,197.30400515448244,914.33,635.3,2,0
173,829,869.3,869.3,869.3,0.0,869.3,869.3,1,0
173,913,11.93,11.93,11.93,0.0,11.93,11.93,1,0
174,234,1585.29,792.645,792.645,215.58978651596644,945.09,640.2,2,0
174,341,256.26,256.26,256.26,0.0,256.26,256.26,1,0
174,678,1042.3200000000002,521.1600000000001,521.1600000000001,419.55473754922616,817.83,224.49,2,0
175,472,1335.67,1335.67,1335.67,0.0,1335.67,1335.67,1,0
175,473,1459.1,1459.1,1459.1,0.0,1459.1,1459.1,1,0
175,619,144.3,144.3,144.3,0.0,144.3,144.3,1,0
176,538,791.1,791.1,791.1,0.0,791.1,791.1,1,0
176,647,780.66,780.66,780.66,0.0,780.66,780.66,1,0
176,905,950.35,950.35,950.35,0.0,950.35,950.35,1,0
177,289,1674.66,837.33,837.33,331.73207532585695,1071.9,602.76,2,0
177,525,624.3,624.3,624.3,0.0,624.3,624.3,1,0
177,776,513.05,513.05,513.05,0.0,513.05,513.05,1,0
178,711,761.25,761.25,761.25,0.0,761.25,761.25,1,0
178,754,200.93,200.93,200.93,0.0,200.93,200.93,1,0
179,833,1640.94,820.47,820.47,398.9355038098263,1102.56,538.38,2,0
179,834,216.63,108.315,108.315,81.56476720986825,165.99,50.64,2,0
179,906,407.01,203.505,203.505,99.15758392578957,273.62,133.39,2,0
180,770,1253.35,1253.35,1253.35,0.0,1253.35,1253.35,1,0
180,884,1507.43,753.715,753.715,52.82794762244699,791.07,716.36,2,0
180,915,813.14,813.14,813.14,0.0,813.14,813.14,1,0
181,631,398.78,398.78,398.78,0.0,398.78,398.78,1,1
181,653,160.43,160.43,160.43,0.0,160.43,160.43,1,1
181,905,760.78,760.78,760.78,0.0,760.78,760.78,1,0
182,636,377.74,377.74,377.74,0.0,377.74,377.74,1,0
182,673,1656.97,1656.97,1656.97,0.0,1656.97,1656.97,1,0
182,906,520.94,520.94,520.94,0.0,520.94,520.94,1,0
183,591,2194.5299999999997,1097.2649999999999,1097.2649999999999,20.781868299072624,1111.96,1082.57,2,0
183,889,1344.28,1344.28,1344.28,0.0,1344.28,1344.28,1,0
183,919,485.0,485.0,485.0,0.0,485.0,485.0,1,0
184,395,1281.14,1281.14,1281.14,0.0,1281.14,1281.14,1,1
184,704,908.02,908.02,908.02,0.0,908.02,908.02,1,0
184,887,547.6,273.8,273.8,208.9500538406248,421.55,126.05,2,0
184,926,874.21,874.21,874.21,0.0,874.21,874.21,1,0
185,513,70.02,70.02,70.02,0.0,70.02,70.02,1,0
185,759,532.85,532.85,532.85,0.0,532.85,532.85,1,0
185,854,250.99,250.99,250.99,0.0,250.99,250.99,1,0
186,325,1636.57,818.285,818.285,184.0386819394227,948.42,688.15,2,0
186,638,554.55,277.275,277.275,368.5794096934879,537.9,16.65,2,0
186,725,916.9,916.9,916.9,0.0,916.9,916.9,1,0
187,618,947.68,947.68,947.68,0.0,947.68,947.68,1,1
187,781,591.21,591.21,591.21,0.0,591.21,591.21,1,0
187,926,798.01,798.01,798.01,0.0,798.01,798.01,1,0
188,545,180.41,180.41,180.41,0.0,180.41,180.41,1,0
188,835,1690.24,845.12,845.12,211.07137418418444,994.37,695.87,2,0
188,878,198.58,198.58,198.58,0.0,198.58,198.58,1,0
189,481,921.73,921.73,921.73,0.0,921.73,921.73,1,1
189,683,1966.13,983.065,983.065,397.50007704401776,1264.14,701.99,2,0
189,730,762.45,762.45,762.45,0.0,762.45,762.45,1,0
189,907,608.6800000000001,304.34000000000003,304.34000000000003,155.39378623355572,414.22,194.46,2,0
190,583,47.56,47.56,47.56,0.0,47.56,47.56,1,0
190,830,682.57,682.57,682.57,0.0,682.57,682.57,1,0
190,924,1120.63,1120.63,1120.63,0.0,1120.63,1120.63,1,0
191,518,1470.09,1470.09,1470.09,0.0,1470.09,1470.09,1,0
191,672,790.32,395.16,395.16,338.7748588664749,634.71,155.61,2,0
191,838,1513.13,756.565,756.565,172.42798859233957,878.49,634.64,2,0
192,731,1010.97,1010.97,1010.97,0.0,1010.97,1010.97,1,0
192,788,532.21,532.21,532.21,0.0,532.21,532.21,1,0
193,255,1220.43,610.215,610.215,6.554879861599282,614.85,605.58,2,0
193,469,1322.62,1322.62,1322.62,0.0,1322.62,1322.62,1,0
193,680,918.28,918.28,918.28,0.0,918.28,918.28,1,0
193,851,1652.8,826.4,826.4,240.75571685839572,996.64,656.16,2,0
194,367,1461.01,730.505,730.505,354.43727406975694,981.13,479.88,2,0
194,745,402.01,402.01,402.01,0.0,402.01,402.01,1,0
194,860,552.39,552.39,552.39,0.0,552.39,552.39,1,0
194,894,834.36,834.36,834.36,0.0,834.36,834.36,1,0
195,751,1481.16,1481.16,1481.16,0.0,1481.16,1481.16,1,0
195,756,247.33,247.33,247.33,0.0,247.33,247.33,1,0
195,924,691.41,691.41,691.41,0.0,691.41,691.41,1,0
196,319,15.32,15.32,15.32,0.0,15.32,15.32,1,0
196,736,125.93,125.93,125.93,0.0,125.93,125.93,1,0
196,922,419.06,419.06,419.06,0.0,419.06,419.06,1,0
197,298,999.36,999.36,999.36,0.0,999.36,999.36,1,0
197,357,2273.36,1136.68,1136.68,1171.3082408998923,1964.92,308.44,2,0
197,595,894.05,894.05,894.05,0.0,894.05,894.05,1,0
197,608,946.9,946.9,946.9,0.0,946.9,946.9,1,1
197,914,1595.5,797.75,797.75,12.6854956544867,806.72,788.78,2,0
198,335,66.94,66.94,66.94,0.0,66.94,66.94,1,0
198,596,823.58,823.58,823.58,0.0,823.58,823.58,1,1
198,833,2060.97,2060.97,2060.97,0.0,2060.97,2060.97,1,0
198,877,915.09,915.09,915.09,0.0,915.09,915.09,1,1
199,821,50.85,50.85,50.85,0.0,50.85,50.85,1,0
199,842,245.08,245.08,245.08,0.0,245.08,245.08,1,0
200,677,501.09,501.09,501.09,0.0,501.09,501.09,1,0
201,662,920.12,920.12,920.12,0.0,920.12,920.12,1,0
202,242,1636.1,1636.1,1636.1,0.0,1636.1,1636.1,1,1
202,395,731.62,731.62,731.62,0.0,731.62,731.62,1,1
202,593,1535.62,1535.62,1535.62,0.0,1535.62,1535.62,1,1
202,836,3073.59,614.7180000000001,591.25,249.78723099870416,922.06,320.76,5,0
203,550,1172.81,586.405,586.405,403.70847458283555,871.87,300.94,2,0
203,925,3390.7200000000003,847.6800000000001,1008.565,388.02964912490904,1094.98,278.61,4,0
204,320,2249.29,187.44083333333333,57.37,267.5004854187043,922.15,57.37,12,0
204,923,862.01,862.01,862.01,0.0,862.01,862.01,1,0
205,659,1583.79,395.9475,283.79999999999995,409.0740790594453,983.18,33.01,4,0
205,716,874.54,874.54,874.54,0.0,874.54,874.54,1,1
205,724,1023.72,511.86,511.86,232.10072985667236,675.98,347.74,2,0
206,873,6294.6900000000005,1258.938,1020.41,710.4130222764783,2281.92,653.4,5,0
207,711,3854.0,770.8,635.3,342.0408986510239,1137.58,442.49,5,0
208,297,3731.59,233.224375,121.27,249.12860411090895,1033.17,121.27,16,0
209,725,1059.16,529.58,529.58,139.34246230062104,628.11,431.05,2,0
209,820,7385.5,820.6111111111111,725.28,289.09227815026657,1304.68,431.05,9,0
210,649,1931.8400000000001,321.97333333333336,99.44,429.9969961600507,1154.25,52.98,6,0
210,913,134.37,67.185,67.185,20.088903653509817,81.39,52.98,2,0
211,312,7322.929999999999,1046.1328571428571,1168.36,191.32893052840404,1185.14,716.41,7,0
211,743,2309.53,288.69125,36.2,401.4768634656477,1083.25,36.2,8,0
212,538,1798.5,1798.5,1798.5,0.0,1798.5,1798.5,1,0
212,865,3784.24,946.06,816.7049999999999,609.2555327610903,1798.5,352.33,4,0
213,843,22741.1,1196.8999999999999,1277.51,271.4359962823239,1387.41,244.24,19,0
213,873,1969.12,984.56,984.56,12.869343417595077,993.66,975.46,2,0
214,352,5156.110000000001,859.3516666666668,911.1500000000001,354.57069982821014,1191.13,375.97,6,0
215,401,3420.06,684.012,842.59,325.61506686577013,998.06,304.38,5,0
216,229,1043.68,1043.68,1043.68,0.0,1043.68,1043.68,1,1
216,252,6689.070000000001,1337.814,1041.4,661.5752576842638,2284.04,605.59,5,0
216,885,2818.74,469.78999999999996,432.055,266.4830731585029,884.67,85.37,6,0
217,517,651.16,651.16,651.16,0.0,651.16,651.16,1,0
217,782,3069.91,767.4775,829.23,153.750903168079,867.99,543.46,4,0
218,232,483.1,483.1,483.1,0.0,483.1,483.1,1,1
218,235,1288.53,1288.53,1288.53,0.0,1288.53,1288.53,1,1
218,249,915.33,915.33,915.33,0.0,915.33,915.33,1,1
218,523,683.08,683.08,683.08,0.0,683.08,683.08,1,0
218,866,1254.71,250.942,369.01,192.34372532006338,402.09,40.76,5,0
219,398,4305.52,861.104,765.22,547.2218362602135,1705.34,384.68,5,0
219,464,980.07,980.07,980.07,0.0,980.07,980.07,1,1
219,699,922.66,922.66,922.66,0.0,922.66,922.66,1,1
219,732,777.54,777.54,777.54,0.0,777.54,777.54,1,1
219,811,752.33,752.33,752.33,0.0,752.33,752.33,1,1
219,880,1219.02,1219.02,1219.02,0.0,1219.02,1219.02,1,1
220,504,1026.48,1026.48,1026.48,0.0,1026.48,1026.48,1,0
220,902,4230.19,423.01899999999995,245.1,378.53926772529167,1242.91,245.1,10,0
221,542,1049.08,1049.08,1049.08,0.0,1049.08,1049.08,1,0
221,844,3587.1499999999996,717.43,487.31,320.95968415051755,1088.23,475.22,5,0
222,784,737.07,737.07,737.07,0.0,737.07,737.07,1,0
222,918,1820.15,364.03000000000003,261.33,210.85921025651217,737.07,248.82,5,0
223,924,3092.51,773.1275,609.9100000000001,330.5312133899005,1268.85,603.84,4,0
224,454,6323.24,1053.8733333333332,949.0,224.6630389420268,1459.0,848.7,6,0
224,917,1168.54,1168.54,1168.54,0.0,1168.54,1168.54,1,0
225,912,373.45,373.45,373.45,0.0,373.45,373.45,1,0
225,920,3706.95,926.7375,771.99,680.4249729090882,1789.52,373.45,4,0
226,383,2270.77,756.9233333333333,519.25,542.2908667249831,1377.47,374.05,3,0
226,401,1268.76,1268.76,1268.76,0.0,1268.76,1268.76,1,1
226,471,886.51,886.51,886.51,0.0,886.51,886.51,1,1
226,777,1133.95,1133.95,1133.95,0.0,1133.95,1133.95,1,1
226,922,761.32,761.32,761.32,0.0,761.32,761.32,1,0
227,304,1037.63,1037.63,1037.63,0.0,1037.63,1037.63,1,1
227,439,7685.36,384.268,437.07,146.70216719240167,537.26,12.91,20,0
227,443,1952.58,1952.58,1952.58,0.0,1952.58,1952.58,1,1
227,561,770.42,770.42,770.42,0.0,770.42,770.42,1,0
227,595,521.96,521.96,521.96,0.0,521.96,521.96,1,1
227,743,823.13,823.13,823.13,0.0,823.13,823.13,1,1
228,250,4837.35,806.225,803.61,169.48766241234193,1082.57,574.59,6,0
229,265,4407.67,734.6116666666667,788.74,361.7124026304139,1083.39,279.98,6,0
229,771,1104.14,1104.14,1104.14,0.0,1104.14,1104.14,1,1
229,773,982.4,982.4,982.4,0.0,982.4,982.4,1,0
230,412,1339.57,1339.57,1339.57,0.0,1339.57,1339.57,1,1
230,755,1047.16,1047.16,1047.16,0.0,1047.16,1047.16,1,1
230,766,9648.93,1072.1033333333335,1339.92,451.2399469240285,1339.92,66.76,9,0
230,873,1259.08,1259.08,1259.08,0.0,1259.08,1259.08,1,1
231,531,1316.92,1316.92,1316.92,0.0,1316.92,1316.92,1,0
231,919,7156.9800000000005,1192.8300000000002,1433.93,483.9553480229349,1550.94,431.09,6,0
232,620,720.71,720.71,720.71,0.0,720.71,720.71,1,1
232,784,981.96,981.96,981.96,0.0,981.96,981.96,1,1
232,816,1024.19,1024.19,1024.19,0.0,1024.19,1024.19,1,0
232,914,9959.36,905.3963636363637,1024.89,228.29080030841052,1024.89,365.12,11,0
233,498,3275.2799999999997,818.8199999999999,713.66,362.9303933263236,1342.86,505.1,4,0
234,874,3771.17,628.5283333333333,678.855,116.3712595818515,728.11,483.92,6,0
235,493,1111.85,1111.85,1111.85,0.0,1111.85,1111.85,1,0
235,620,1830.7,1830.7,1830.7,0.0,1830.7,1830.7,1,1
235,784,1029.62,1029.62,1029.62,0.0,1029.62,1029.62,1,1
235,922,14268.48,492.0165517241379,482.81,44.7053669098227,723.02,482.81,29,0
236,536,1324.76,1324.76,1324.76,0.0,1324.76,1324.76,1,1
236,902,3246.3399999999997,649.2679999999999,699.68,339.32103894394754,1142.08,217.53,5,0
236,926,1142.08,1142.08,1142.08,0.0,1142.08,1142.08,1,0
237,338,12220.47,1110.9518181818182,1344.26,442.3194519986247,1344.26,138.84,11,0
237,521,4384.82,876.9639999999999,1003.78,478.1129212644226,1450.88,138.84,5,0
238,411,3978.96,497.37,391.53,165.7441231882101,807.3,391.53,8,0
238,543,517.03,517.03,517.03,0.0,517.03,517.03,1,0
239,441,2290.1099999999997,572.5274999999999,550.04,323.68256645207197,896.01,294.02,4,0
239,498,725.68,725.68,725.68,0.0,725.68,725.68,1,1
239,896,1319.74,1319.74,1319.74,0.0,1319.74,1319.74,1,1
240,753,677.59,677.59,677.59,0.0,677.59,677.59,1,0
240,909,1487.67,743.835,743.835,116.22714162363286,826.02,661.65,2,0
241,783,1563.59,312.71799999999996,345.84,154.01870818183096,527.21,162.67,5,0
242,249,4176.33,696.055,551.8,440.3783594932885,1587.94,419.75,6,0
242,843,1297.34,1297.34,1297.34,0.0,1297.34,1297.34,1,1
242,873,1894.36,473.59,581.77,224.73783511757279,593.9,136.92,4,0
243,466,1118.75,1118.75,1118.75,0.0,1118.75,1118.75,1,0
243,778,5704.52,950.7533333333334,924.65,205.6714559355932,1203.58,608.24,6,0
244,624,2293.3199999999997,382.21999999999997,425.09,240.94642342230358,769.88,99.44,6,0
245,734,1937.7,645.9,571.33,139.37000645763067,806.69,559.68,3,0
245,913,307.81,307.81,307.81,0.0,307.81,307.81,1,0
246,361,5911.09,844.4414285714286,998.69,421.0636706971433,1329.81,90.39,7,0
247,836,1740.75,870.375,870.375,327.0156730953426,1101.61,639.14,2,0
247,895,1716.28,1716.28,1716.28,0.0,1716.28,1716.28,1,0
248,823,2139.35,713.1166666666667,755.05,153.06050905878152,840.84,543.46,3,0
249,620,1152.21,1152.21,1152.21,0.0,1152.21,1152.21,1,1
249,784,578.5,578.5,578.5,0.0,578.5,578.5,1,1
249,908,1587.94,1587.94,1587.94,0.0,1587.94,1587.94,1,0
250,687,2958.37,493.06166666666667,537.83,236.43721225024345,719.16,107.03,6,0
251,803,735.89,735.89,735.89,0.0,735.89,735.89,1,0
251,919,4526.55,905.3100000000001,1026.42,166.06257916821605,1026.42,711.4,5,0
252,889,2284.04,2284.04,2284.04,0.0,2284.04,2284.04,1,0
253,441,1316.93,1316.93,1316.93,0.0,1316.93,1316.93,1,1
253,450,5025.01,837.5016666666667,698.6,284.076698123353,1196.24,543.95,6,0
253,485,691.38,691.38,691.38,0.0,691.38,691.38,1,0
253,834,1316.93,1316.93,1316.93,0.0,1316.93,1316.93,1,1
254,431,4654.6,664.9428571428572,663.85,99.03619821632319,860.75,536.21,7,0
255,660,848.66,848.66,848.66,0.0,848.66,848.66,1,0
256,775,4756.9,951.3799999999999,847.99,146.52797446221663,1159.9,847.99,5,0
257,481,563.97,563.97,563.97,0.0,563.97,563.97,1,1
257,735,2490.3599999999997,498.07199999999995,433.45,355.5025367982625,1112.84,229.14,5,0
258,473,684.23,684.23,684.23,0.0,684.23,684.23,1,0
258,926,22761.31,1197.9636842105265,1372.26,430.6282785807851,1372.26,52.91,19,0
259,555,571.78,571.78,571.78,0.0,571.78,571.78,1,0
259,908,3694.14,738.828,855.22,460.40077804017665,1165.51,253.95,5,0
260,349,672.87,672.87,672.87,0.0,672.87,672.87,1,1
260,393,4415.4400000000005,883.0880000000001,806.71,199.8501481610659,1099.06,706.95,5,0
260,616,1380.04,1380.04,1380.04,0.0,1380.04,1380.04,1,1
260,625,595.02,595.02,595.02,0.0,595.02,595.02,1,1
260,735,625.29,625.29,625.29,0.0,625.29,625.29,1,0
261,504,1138.12,1138.12,1138.12,0.0,1138.12,1138.12,1,1
261,512,532.78,532.78,532.78,0.0,532.78,532.78,1,0
261,783,4000.3999999999996,800.0799999999999,1114.52,454.16678412230897,1114.52,124.06,5,0
262,432,1359.66,1359.66,1359.66,0.0,1359.66,1359.66,1,0
262,462,2719.27,906.4233333333333,1226.22,672.7829956481759,1359.66,133.39,3,0
263,764,882.9,882.9,882.9,0.0,882.9,882.9,1,0
263,918,3292.45,658.49,516.43,202.67346187895447,882.9,498.87,5,0
264,395,2017.14,336.19,387.355,217.52540504502,543.5,3.21,6,0
264,710,405.73,405.73,405.73,0.0,405.73,405.73,1,0
265,830,13874.0,1387.4,1775.3,546.7635084750992,1775.3,279.98,10,0
266,881,6468.3,718.7,358.04,453.23050832330347,1328.38,358.04,9,0
266,926,807.23,807.23,807.23,0.0,807.23,807.23,1,0
267,811,4064.5,677.4166666666666,785.86,233.50895842915034,785.86,204.1,6,0
268,627,3244.5099999999998,540.7516666666667,534.955,309.4366235865862,844.42,242.88,6,0
268,890,293.29,293.29,293.29,0.0,293.29,293.29,1,0
269,522,608.31,608.31,608.31,0.0,608.31,608.31,1,0
269,636,3793.64,758.728,698.04,369.91352039361857,1354.9,352.33,5,0
270,554,879.07,879.07,879.07,0.0,879.07,879.07,1,0
270,639,3607.78,721.556,602.22,436.75129390764266,1356.45,167.82,5,0
271,470,904.14,904.14,904.14,0.0,904.14,904.14,1,0
271,894,3685.6299999999997,526.5185714285714,96.47,559.7629273906521,1417.34,96.47,7,0
272,459,800.21,800.21,800.21,0.0,800.21,800.21,1,0
272,482,1675.84,1675.84,1675.84,0.0,1675.84,1675.84,1,1
272,914,3112.93,518.8216666666666,513.5899999999999,177.12532155698875,800.21,258.36,6,0
273,322,4512.610000000001,902.5220000000002,984.59,350.46035220834904,1223.96,453.05,5,0
273,819,4983.02,830.5033333333334,748.24,562.1247736816682,1481.27,70.95,6,0
274,415,957.07,957.07,957.07,0.0,957.07,957.07,1,0
274,701,375.23,375.23,375.23,0.0,375.23,375.23,1,0
275,766,2082.77,416.554,448.29,194.27233006787148,697.53,232.3,5,0
276,772,2051.98,683.9933333333333,806.1,425.82922472903783,1035.43,210.45,3,0
277,729,4011.79,235.98764705882354,245.14,23.355700998206984,245.14,169.46,17,0
277,806,169.46,169.46,169.46,0.0,169.46,169.46,1,0
278,332,4246.63,707.7716666666666,903.75,434.22612143521104,1183.28,121.4,6,0
278,823,3093.09,515.515,437.635,321.3062896832242,896.0,130.6,6,0
279,358,2052.87,684.29,567.34,253.18542394853614,974.81,510.72,3,0
279,562,567.34,567.34,567.34,0.0,567.34,567.34,1,0
279,591,476.31,476.31,476.31,0.0,476.31,476.31,1,1
280,546,1302.07,1302.07,1302.07,0.0,1302.07,1302.07,1,0
280,650,3038.99,506.4983333333333,352.77,399.50348185800163,1302.07,267.04,6,0
281,800,4157.92,692.9866666666667,576.8,284.5980482481682,1273.92,576.8,6,0
282,389,9492.52,452.02476190476193,440.08,74.3839674001762,652.31,260.56,21,0
282,695,1585.0700000000002,317.014,233.72,229.93403875894495,617.12,28.19,5,0
283,920,3793.58,474.1975,279.35,272.6421868493576,847.47,279.35,8,0
284,456,1679.3400000000001,839.6700000000001,839.6700000000001,402.3861849020168,1124.2,555.14,2,0
284,926,549.61,549.61,549.61,0.0,549.61,549.61,1,0
285,837,2385.7799999999997,795.2599999999999,1015.99,401.9234226814855,1038.45,331.34,3,0
286,361,835.41,835.41,835.41,0.0,835.41,835.41,1,1
286,497,958.29,958.29,958.29,0.0,958.29,958.29,1,1
286,671,8435.599999999999,1054.4499999999998,1180.11,408.93717844466727,1401.26,68.92,8,0
286,708,1401.26,1401.26,1401.26,0.0,1401.26,1401.26,1,0
286,718,1280.17,1280.17,1280.17,0.0,1280.17,1280.17,1,1
286,719,1025.77,1025.77,1025.77,0.0,1025.77,1025.77,1,1
287,427,1162.59,1162.59,1162.59,0.0,1162.59,1162.59,1,0
287,716,5257.639999999999,876.2733333333332,735.89,298.6717289377531,1328.29,559.09,6,0
288,377,4163.88,693.98,681.77,285.89552140598494,1162.69,275.75,6,0
288,400,852.13,852.13,852.13,0.0,852.13,852.13,1,1
288,813,624.22,624.22,624.22,0.0,624.22,624.22,1,0
289,590,889.38,889.38,889.38,0.0,889.38,889.38,1,1
289,887,4475.64,1118.91,1089.27,426.4895441469422,1581.26,715.84,4,0
290,413,519.32,519.32,519.32,0.0,519.32,519.32,1,0
290,919,3548.8199999999997,709.7639999999999,861.4,278.35215470694675,985.99,320.71,5,0
291,510,4069.07,581.2957142857143,408.17,398.21398409469674,1481.31,408.17,7,0
292,505,102.17,102.17,102.17,0.0,102.17,102.17,1,0
292,623,4708.98,1177.245,1177.245,393.19285382621075,1517.76,836.73,4,0
293,559,742.1,742.1,742.1,0.0,742.1,742.1,1,0
293,883,4115.48,823.0959999999999,911.73,411.4795158085029,1195.36,256.24,5,0
294,429,992.28,992.28,992.28,0.0,992.28,992.28,1,0
294,884,3783.91,630.6516666666666,695.605,328.0408726007579,992.28,39.66,6,0
295,913,5232.26,1046.452,1249.76,328.51123134529206,1249.76,494.84,5,0
296,728,37.39,37.39,37.39,0.0,37.39,37.39,1,0
296,847,3916.35,979.0875,1013.55,217.5102010443035,1171.25,718.0,4,0
297,904,4404.73,880.9459999999999,990.91,189.4347624645487,990.91,553.44,5,0
298,671,2850.93,712.7325,762.39,474.64063566555274,1189.23,136.92,4,0
299,506,4716.23,943.2459999999999,725.89,495.6453127287698,1459.0,346.45,5,0
300,565,16086.71,946.2770588235294,1086.62,322.9400672292907,1086.62,121.34,17,0
301,514,182.87,182.87,182.87,0.0,182.87,182.87,1,0
301,793,3338.82,667.764,457.82,457.80745071481743,1157.0,182.87,5,0
302,454,838.59,838.59,838.59,0.0,838.59,838.59,1,1
302,562,5430.4400000000005,905.0733333333334,1000.08,239.90031343594924,1102.39,612.75,6,0
302,750,897.77,897.77,897.77,0.0,897.77,897.77,1,0
303,373,13255.61,1472.8455555555556,1782.17,496.2439630391263,1782.17,414.78,9,0
303,797,5089.25,848.2083333333334,859.375,167.8551134063739,996.55,538.94,6,0
304,475,1342.86,1342.86,1342.86,0.0,1342.86,1342.86,1,0
304,762,1160.74,1160.74,1160.74,0.0,1160.74,1160.74,1,1
304,905,5079.4,1015.8799999999999,719.79,426.5695954940999,1601.65,707.55,5,0
305,553,359.37,359.37,359.37,0.0,359.37,359.37,1,0
305,597,2620.65,655.1625,646.29,43.10911533539053,715.32,612.75,4,0
306,657,16153.57,1153.8264285714286,1247.46,205.46294393981992,1258.02,606.65,14,0
306,717,1027.91,1027.91,1027.91,0.0,1027.91,1027.91,1,0
307,663,1446.62,289.32399999999996,116.75,333.4920336080009,687.01,14.27,5,0
308,620,6458.04,922.5771428571428,550.17,674.8080757448566,1705.26,333.28,7,0
309,902,2383.79,595.9475,554.66,405.3502562291037,1130.24,144.23,4,0
310,473,253.31,253.31,253.31,0.0,253.31,253.31,1,0
310,848,13176.380000000001,1464.0422222222223,1680.42,351.0068200469109,1680.42,814.31,9,0
311,482,524.74,524.74,524.74,0.0,524.74,524.74,1,1
311,749,2214.87,316.40999999999997,350.35,89.7967994975322,350.35,112.77,7,0
312,863,1185.14,1185.14,1185.14,0.0,1185.14,1185.14,1,0
313,646,6172.34,881.7628571428571,748.84,284.9805911937563,1512.47,748.84,7,0
313,815,662.82,662.82,662.82,0.0,662.82,662.82,1,1
314,898,4035.83,1008.9575,1119.14,433.3900112196866,1350.41,447.14,4,0
315,891,2083.15,416.63,223.76,458.8484413180457,1237.15,199.24,5,0
316,335,3290.16,329.01599999999996,279.94,214.60468314243906,781.2,55.0,10,0
316,447,1052.98,350.99333333333334,454.87,179.91966438756307,454.87,143.24,3,0
317,453,1892.38,630.7933333333334,571.85,430.9985830989857,1088.23,232.3,3,0
318,869,4987.43,997.4860000000001,931.87,360.43910162467114,1365.96,565.72,5,0
319,781,3262.9,815.725,799.7,404.68705246564696,1326.87,336.63,4,0
320,864,4025.1000000000004,670.85,449.07,683.7772609263926,1888.15,158.33,6,0
321,854,3111.38,444.48285714285714,488.52,361.5142877173868,980.35,93.51,7,0
323,715,12754.470000000001,708.5816666666667,736.44,195.65984845404233,1043.02,224.49,18,0
324,362,4451.47,635.9242857142857,291.24,481.2197413814588,1446.77,291.24,7,0
324,741,4025.72,805.144,991.54,256.29768635319357,991.54,492.55,5,0
325,632,1569.0,523.0,41.53,868.3017297575768,1525.37,2.1,3,0
326,721,17744.78,1613.161818181818,1983.35,643.7403504801945,1983.35,482.12,11,0
327,748,3315.54,663.108,769.84,179.81569987072876,769.84,354.86,5,0
327,786,967.39,967.39,967.39,0.0,967.39,967.39,1,1
328,660,3648.5099999999998,608.0849999999999,511.4,405.7024260095076,1347.57,118.62,6,0
328,802,489.6,489.6,489.6,0.0,489.6,489.6,1,0
328,877,1016.77,1016.77,1016.77,0.0,1016.77,1016.77,1,1
329,536,1136.02,1136.02,1136.02,0.0,1136.02,1136.02,1,1
329,817,3274.3,818.575,772.0450000000001,670.4754105607951,1512.67,217.54,4,0
330,520,1759.79,1759.79,1759.79,0.0,1759.79,1759.79,1,0
330,925,4973.09,994.618,1057.72,499.43980645319004,1759.79,489.63,5,0
331,395,589.73,589.73,589.73,0.0,589.73,589.73,1,1
331,593,809.53,809.53,809.53,0.0,809.53,809.53,1,1
331,740,6951.82,1158.6366666666665,1502.77,534.6391256788701,1502.77,406.88,6,0
332,795,209.72,209.72,209.72,0.0,209.72,209.72,1,0
333,555,1040.68,1040.68,1040.68,0.0,1040.68,1040.68,1,0
333,916,2306.09,461.218,384.63,178.00573676148755,779.51,372.69,5,0
334,810,8478.17,1211.1671428571428,1404.9,500.53020224272467,1404.9,76.31,7,0
336,351,987.23,987.23,987.23,0.0,987.23,987.23,1,1
336,542,638.66,638.66,638.66,0.0,638.66,638.66,1,1
336,628,1763.08,1763.08,1763.08,0.0,1763.08,1763.08,1,1
336,691,7070.66,707.066,742.1,210.53226605175962,980.32,146.79,10,0
337,482,769.86,769.86,769.86,0.0,769.86,769.86,1,1
337,856,2576.85,368.12142857142857,214.35,216.83847847561336,770.91,214.35,7,0
338,815,960.48,960.48,960.48,0.0,960.48,960.48,1,0
339,345,4246.5,1061.625,1118.825,453.58250102195666,1510.09,498.76,4,0
339,716,1053.01,1053.01,1053.01,0.0,1053.01,1053.01,1,1
339,881,1989.6399999999999,331.6066666666666,407.71500000000003,239.88977274295516,564.12,42.03,6,0
340,371,51467.06,627.6470731707317,626.39,49.609381517388314,965.28,339.92,82,0
340,571,4399.74,1099.935,1144.82,89.77000000000001,1144.82,965.28,4,0
341,868,2461.21,492.242,658.87,228.37821759090772,658.87,228.34,5,0
342,347,5846.07,974.3449999999999,1061.18,287.7078242766435,1251.08,423.36,6,0
342,743,423.36,423.36,423.36,0.0,423.36,423.36,1,0
343,590,1197.42,1197.42,1197.42,0.0,1197.42,1197.42,1,1
343,876,773.76,773.76,773.76,0.0,773.76,773.76,1,0
343,898,2715.96,169.7475,64.07,200.67932999356628,813.07,64.07,16,0
344,405,14370.140000000001,479.0046666666667,472.97,48.60595058882891,677.12,343.81,30,0
345,463,903.5,903.5,903.5,0.0,903.5,903.5,1,0
346,468,1338.35,1338.35,1338.35,0.0,1338.35,1338.35,1,0
346,913,5684.45,1136.8899999999999,1387.41,610.3676890203151,1455.05,48.59,5,0
347,696,1290.5,1290.5,1290.5,0.0,1290.5,1290.5,1,1
347,834,2130.39,532.5975,518.14,285.33207535256184,807.77,286.34,4,0
348,828,2457.27,409.545,308.84000000000003,421.42291322375905,891.53,20.2,6,0
348,912,36.33,36.33,36.33,0.0,36.33,36.33,1,0
349,583,934.36,934.36,934.36,0.0,934.36,934.36,1,1
349,848,659.72,659.72,659.72,0.0,659.72,659.72,1,1
349,909,14685.170000000002,1129.6284615384616,1196.39,192.35540555813841,1315.64,687.06,13,0
350,852,2926.61,487.7683333333334,276.835,471.062291439961,1134.9,108.06,6,0
350,898,158.39,158.39,158.39,0.0,158.39,158.39,1,0
350,917,557.28,557.28,557.28,0.0,557.28,557.28,1,1
351,704,1234.08,617.04,617.04,136.64131439648847,713.66,520.42,2,0
351,791,968.57,968.57,968.57,0.0,968.57,968.57,1,0
352,505,3314.75,662.95,688.68,349.9003903970386,1191.13,229.2,5,0
353,918,4154.21,830.842,795.7,196.09309426902314,1169.49,678.66,5,0
353,926,678.66,678.66,678.66,0.0,678.66,678.66,1,0
354,888,778.4200000000001,129.73666666666668,24.79,257.0657835392853,654.47,24.79,6,0
355,893,1452.74,726.37,726.37,271.4017247550206,918.28,534.46,2,0
356,677,2722.1,453.68333333333334,256.89,415.13860353701955,1208.88,171.95,6,0
357,719,7066.040000000001,1177.6733333333334,1399.39,343.4965978094495,1399.39,729.23,6,0
358,440,6734.110000000001,1346.8220000000001,1823.81,653.1427181481854,1823.81,631.34,5,0
359,460,608.34,608.34,608.34,0.0,608.34,608.34,1,1
359,507,553.44,553.44,553.44,0.0,553.44,553.44,1,0
359,893,3789.85,757.97,553.44,330.15406524833213,1118.8,493.66,5,0
360,474,3281.7200000000003,820.4300000000001,752.9,147.19925452709788,1039.93,735.99,4,0
361,462,1051.53,1051.53,1051.53,0.0,1051.53,1051.53,1,1
361,824,2045.4699999999998,511.36749999999995,560.7149999999999,318.75246993814284,833.65,90.39,4,0
363,478,4091.77,818.354,704.7,462.5935425186997,1300.76,305.06,5,0
364,689,4622.01,1155.5025,928.99,554.782603631068,1981.11,782.92,4,0
365,484,4426.18,632.3114285714286,687.06,76.19693682132097,687.06,525.5,7,0
366,409,1063.9,1063.9,1063.9,0.0,1063.9,1063.9,1,1
366,684,1932.78,386.556,399.55,218.62325820918505,703.0,181.26,5,0
367,592,1905.51,476.3775,410.905,189.89544357795074,743.74,339.96,4,0
368,899,1093.16,1093.16,1093.16,0.0,1093.16,1093.16,1,0
368,911,5845.33,835.0471428571428,1030.92,383.843960080755,1093.16,67.81,7,0
369,511,500.47,500.47,500.47,0.0,500.47,500.47,1,0
369,580,2571.57,514.3140000000001,411.25,176.41698084368187,776.69,358.08,5,0
370,379,10912.79,682.049375,679.21,208.99589882638847,1144.82,71.98,16,0
370,489,934.45,934.45,934.45,0.0,934.45,934.45,1,0
372,761,1249.65,1249.65,1249.65,0.0,1249.65,1249.65,1,1
372,848,3510.43,501.48999999999995,374.68,299.5227881703383,940.4,147.85,7,0
374,724,4985.71,712.2442857142858,682.04,96.63465800928478,929.29,646.22,7,0
374,920,1341.3,1341.3,1341.3,0.0,1341.3,1341.3,1,0
375,911,3713.91,742.7819999999999,555.68,424.86354711836606,1185.15,232.25,5,0
376,378,4215.28,843.0559999999999,650.58,378.874839399504,1353.56,439.99,5,0
376,437,1120.57,1120.57,1120.57,0.0,1120.57,1120.57,1,0
377,819,1650.1499999999999,78.57857142857142,36.4,193.28649627653024,922.15,36.4,21,0
378,444,10019.11,345.48655172413794,202.45,534.8523388701105,2276.48,202.45,29,0
378,639,1099.09,1099.09,1099.09,0.0,1099.09,1099.09,1,1
379,878,4839.65,1209.9125,1231.61,43.39499999999998,1231.61,1144.82,4,0
380,903,5177.48,739.64,733.75,188.6212065666707,970.63,372.81,7,0
381,854,3232.4700000000003,808.1175000000001,741.8,341.4938847061052,1278.9,469.97,4,0
382,827,6099.58,1016.5966666666667,1024.365,584.1238482605095,1781.23,226.88,6,0
382,924,1781.23,1781.23,1781.23,0.0,1781.23,1781.23,1,0
383,390,1060.93,1060.93,1060.93,0.0,1060.93,1060.93,1,1
383,461,6020.389999999999,501.6991666666666,346.53,283.28527787881745,1070.38,346.53,12,0
384,875,431.06,431.06,431.06,0.0,431.06,431.06,1,0
384,913,2228.21,742.7366666666667,510.71,401.88197537751466,1206.79,510.71,3,0
385,639,1763.26,1763.26,1763.26,0.0,1763.26,1763.26,1,1
385,903,9629.04,120.36300000000001,117.51,25.5180077592276,345.75,117.51,80,0
386,904,949.71,949.71,949.71,0.0,949.71,949.71,1,0
387,853,1780.03,593.3433333333334,436.47,429.5404895156373,1079.27,264.29,3,0
387,926,1408.41,1408.41,1408.41,0.0,1408.41,1408.41,1,0
388,562,343.14,343.14,343.14,0.0,343.14,343.14,1,0
388,907,5086.77,847.7950000000001,878.225,309.6321437286511,1131.19,343.14,6,0
390,846,4095.3599999999997,819.0719999999999,729.2,574.2835218078261,1397.83,96.47,5,0
391,446,4281.59,1070.3975,1160.15,313.1439355285894,1310.05,651.24,4,0
392,511,2818.37,704.5925,530.48,414.53740107699167,1322.7,434.71,4,0
393,757,3406.5499999999997,681.31,438.81,542.5302096197041,1411.9,228.39,5,0
394,463,4867.71,442.5190909090909,396.54,253.22367268699608,1167.39,131.46,11,0
395,843,931.98,931.98,931.98,0.0,931.98,931.98,1,1
396,901,2419.55,1209.775,1209.775,672.4090514337238,1685.24,734.31,2,0
396,912,734.31,734.31,734.31,0.0,734.31,734.31,1,0
397,550,194.44,194.44,194.44,0.0,194.44,194.44,1,0
397,772,194.44,194.44,194.44,0.0,194.44,194.44,1,0
398,893,1050.66,1050.66,1050.66,0.0,1050.66,1050.66,1,0
399,840,800.87,800.87,800.87,0.0,800.87,800.87,1,0
400,786,852.13,852.13,852.13,0.0,852.13,852.13,1,1
401,904,361.94,361.94,361.94,0.0,361.94,361.94,1,0
402,618,1052.98,1052.98,1052.98,0.0,1052.98,1052.98,1,1
406,900,660.22,660.22,660.22,0.0,660.22,660.22,1,1
409,426,1270.06,1270.06,1270.06,0.0,1270.06,1270.06,1,1
409,781,860.57,860.57,860.57,0.0,860.57,860.57,1,1
410,510,496.67,496.67,496.67,0.0,496.67,496.67,1,1
412,828,89.33,89.33,89.33,0.0,89.33,89.33,1,0
414,888,38.74,38.74,38.74,0.0,38.74,38.74,1,0
417,842,1180.11,1180.11,1180.11,0.0,1180.11,1180.11,1,0
418,755,1047.16,1047.16,1047.16,0.0,1047.16,1047.16,1,1
418,873,1259.08,1259.08,1259.08,0.0,1259.08,1259.08,1,1
419,819,1551.0,1551.0,1551.0,0.0,1551.0,1551.0,1,0
420,487,497.75,497.75,497.75,0.0,497.75,497.75,1,1
421,697,464.79,464.79,464.79,0.0,464.79,464.79,1,0
422,591,715.77,715.77,715.77,0.0,715.77,715.77,1,1
423,698,16.71,16.71,16.71,0.0,16.71,16.71,1,0
425,620,1132.99,1132.99,1132.99,0.0,1132.99,1132.99,1,0
428,536,513.38,513.38,513.38,0.0,513.38,513.38,1,1
430,650,744.41,744.41,744.41,0.0,744.41,744.41,1,0
431,579,767.61,767.61,767.61,0.0,767.61,767.61,1,0
433,510,473.57,473.57,473.57,0.0,473.57,473.57,1,1
433,568,140.7,140.7,140.7,0.0,140.7,140.7,1,0
434,646,329.44,329.44,329.44,0.0,329.44,329.44,1,0
434,879,615.21,615.21,615.21,0.0,615.21,615.21,1,1
435,716,1252.2,1252.2,1252.2,0.0,1252.2,1252.2,1,1
436,454,1262.28,1262.28,1262.28,0.0,1262.28,1262.28,1,1
438,465,995.72,995.72,995.72,0.0,995.72,995.72,1,1
440,892,582.07,582.07,582.07,0.0,582.07,582.07,1,1
441,475,582.75,582.75,582.75,0.0,582.75,582.75,1,1
441,736,1155.37,1155.37,1155.37,0.0,1155.37,1155.37,1,1
442,481,1192.75,1192.75,1192.75,0.0,1192.75,1192.75,1,1
443,762,904.18,904.18,904.18,0.0,904.18,904.18,1,1
443,885,1238.42,1238.42,1238.42,0.0,1238.42,1238.42,1,0
445,824,391.53,391.53,391.53,0.0,391.53,391.53,1,0
446,855,189.51,189.51,189.51,0.0,189.51,189.51,1,0
448,588,730.32,730.32,730.32,0.0,730.32,730.32,1,0
449,849,1364.57,1364.57,1364.57,0.0,1364.57,1364.57,1,0
452,761,806.16,806.16,806.16,0.0,806.16,806.16,1,1
454,599,965.98,965.98,965.98,0.0,965.98,965.98,1,1
455,883,457.16,457.16,457.16,0.0,457.16,457.16,1,0
457,761,747.95,747.95,747.95,0.0,747.95,747.95,1,1
458,630,715.32,715.32,715.32,0.0,715.32,715.32,1,0
460,547,760.16,760.16,760.16,0.0,760.16,760.16,1,1
460,601,398.9,398.9,398.9,0.0,398.9,398.9,1,0
460,720,754.78,754.78,754.78,0.0,754.78,754.78,1,1
460,757,629.74,629.74,629.74,0.0,629.74,629.74,1,1
461,637,535.58,535.58,535.58,0.0,535.58,535.58,1,0
462,497,683.49,683.49,683.49,0.0,683.49,683.49,1,1
462,719,1612.78,1612.78,1612.78,0.0,1612.78,1612.78,1,1
463,601,1192.34,1192.34,1192.34,0.0,1192.34,1192.34,1,0
465,494,1159.84,1159.84,1159.84,0.0,1159.84,1159.84,1,1
465,828,1517.77,1517.77,1517.77,0.0,1517.77,1517.77,1,0
467,603,106.11,106.11,106.11,0.0,106.11,106.11,1,0
468,483,451.4,451.4,451.4,0.0,451.4,451.4,1,1
468,629,581.27,581.27,581.27,0.0,581.27,581.27,1,0
468,888,406.26,406.26,406.26,0.0,406.26,406.26,1,1
469,575,947.62,947.62,947.62,0.0,947.62,947.62,1,0
472,653,1350.57,1350.57,1350.57,0.0,1350.57,1350.57,1,0
474,643,21.45,21.45,21.45,0.0,21.45,21.45,1,0
474,680,828.4,828.4,828.4,0.0,828.4,828.4,1,0
475,667,918.88,918.88,918.88,0.0,918.88,918.88,1,0
475,834,582.75,582.75,582.75,0.0,582.75,582.75,1,1
476,578,798.59,798.59,798.59,0.0,798.59,798.59,1,0
477,585,432.96,432.96,432.96,0.0,432.96,432.96,1,0
479,826,448.48,448.48,448.48,0.0,448.48,448.48,1,1
479,828,403.64,403.64,403.64,0.0,403.64,403.64,1,1
479,882,925.34,925.34,925.34,0.0,925.34,925.34,1,0
481,921,630.84,630.84,630.84,0.0,630.84,630.84,1,1
482,502,1031.16,1031.16,1031.16,0.0,1031.16,1031.16,1,1
482,565,147.79,147.79,147.79,0.0,147.79,147.79,1,0
482,776,2072.8,2072.8,2072.8,0.0,2072.8,2072.8,1,1
482,833,1225.66,1225.66,1225.66,0.0,1225.66,1225.66,1,1
483,917,501.55,501.55,501.55,0.0,501.55,501.55,1,1
486,631,1046.08,1046.08,1046.08,0.0,1046.08,1046.08,1,0
490,823,893.49,893.49,893.49,0.0,893.49,893.49,1,0
493,536,1385.06,1385.06,1385.06,0.0,1385.06,1385.06,1,1
495,581,1143.11,1143.11,1143.11,0.0,1143.11,1143.11,1,0
495,684,1652.67,1652.67,1652.67,0.0,1652.67,1652.67,1,0
498,582,2055.11,2055.11,2055.11,0.0,2055.11,2055.11,1,0
498,887,232.93,232.93,232.93,0.0,232.93,232.93,1,0
499,653,825.96,825.96,825.96,0.0,825.96,825.96,1,0
500,881,122.37,122.37,122.37,0.0,122.37,122.37,1,0
503,573,586.79,586.79,586.79,0.0,586.79,586.79,1,0
503,586,1035.47,1035.47,1035.47,0.0,1035.47,1035.47,1,0
504,567,1217.74,1217.74,1217.74,0.0,1217.74,1217.74,1,1
506,658,543.46,543.46,543.46,0.0,543.46,543.46,1,0
508,666,545.74,545.74,545.74,0.0,545.74,545.74,1,0
510,550,526.76,526.76,526.76,0.0,526.76,526.76,1,1
510,585,1138.77,1138.77,1138.77,0.0,1138.77,1138.77,1,1
511,843,716.36,716.36,716.36,0.0,716.36,716.36,1,0
515,892,910.67,910.67,910.67,0.0,910.67,910.67,1,1
516,655,1588.5,1588.5,1588.5,0.0,1588.5,1588.5,1,0
518,698,963.92,963.92,963.92,0.0,963.92,963.92,1,0
523,907,288.49,288.49,288.49,0.0,288.49,288.49,1,0
525,610,793.38,793.38,793.38,0.0,793.38,793.38,1,0
525,616,1267.71,1267.71,1267.71,0.0,1267.71,1267.71,1,0
526,582,1888.96,1888.96,1888.96,0.0,1888.96,1888.96,1,0
527,670,820.76,820.76,820.76,0.0,820.76,820.76,1,0
528,851,667.72,667.72,667.72,0.0,667.72,667.72,1,0
530,580,575.11,575.11,575.11,0.0,575.11,575.11,1,0
532,610,659.49,659.49,659.49,0.0,659.49,659.49,1,0
533,652,480.96,480.96,480.96,0.0,480.96,480.96,1,0
535,608,898.41,898.41,898.41,0.0,898.41,898.41,1,0
536,903,1229.29,1229.29,1229.29,0.0,1229.29,1229.29,1,1
537,631,443.64,443.64,443.64,0.0,443.64,443.64,1,0
538,577,582.86,582.86,582.86,0.0,582.86,582.86,1,0
539,914,316.05,316.05,316.05,0.0,316.05,316.05,1,0
540,590,311.22,311.22,311.22,0.0,311.22,311.22,1,0
541,567,304.38,304.38,304.38,0.0,304.38,304.38,1,0
544,699,500.51,500.51,500.51,0.0,500.51,500.51,1,0
546,607,461.33,461.33,461.33,0.0,461.33,461.33,1,0
547,584,785.86,785.86,785.86,0.0,785.86,785.86,1,0
547,914,111.95,111.95,111.95,0.0,111.95,111.95,1,0
548,853,661.66,661.66,661.66,0.0,661.66,661.66,1,0
549,613,131.64,131.64,131.64,0.0,131.64,131.64,1,0
552,884,2030.47,2030.47,2030.47,0.0,2030.47,2030.47,1,0
554,648,1172.3,1172.3,1172.3,0.0,1172.3,1172.3,1,0
556,619,401.35,401.35,401.35,0.0,401.35,401.35,1,0
556,825,1208.88,1208.88,1208.88,0.0,1208.88,1208.88,1,0
557,648,77.78,77.78,77.78,0.0,77.78,77.78,1,0
558,835,993.65,993.65,993.65,0.0,993.65,993.65,1,0
558,882,330.64,330.64,330.64,0.0,330.64,330.64,1,0
559,885,1000.12,1000.12,1000.12,0.0,1000.12,1000.12,1,0
560,583,768.74,768.74,768.74,0.0,768.74,768.74,1,0
560,683,868.64,868.64,868.64,0.0,868.64,868.64,1,0
561,595,356.76,356.76,356.76,0.0,356.76,356.76,1,0
562,852,148.58,148.58,148.58,0.0,148.58,148.58,1,0
563,621,373.33,373.33,373.33,0.0,373.33,373.33,1,0
563,624,440.71,440.71,440.71,0.0,440.71,440.71,1,0
563,642,11.78,11.78,11.78,0.0,11.78,11.78,1,0
564,696,815.65,815.65,815.65,0.0,815.65,815.65,1,1
564,877,336.63,336.63,336.63,0.0,336.63,336.63,1,0
564,926,503.43,503.43,503.43,0.0,503.43,503.43,1,0
566,872,849.91,849.91,849.91,0.0,849.91,849.91,1,0
567,741,1795.2,1795.2,1795.2,0.0,1795.2,1795.2,1,1
567,785,2136.54,2136.54,2136.54,0.0,2136.54,2136.54,1,1
569,897,880.29,880.29,880.29,0.0,880.29,880.29,1,0
569,916,920.74,920.74,920.74,0.0,920.74,920.74,1,0
570,872,370.21,370.21,370.21,0.0,370.21,370.21,1,0
570,911,576.8,576.8,576.8,0.0,576.8,576.8,1,0
574,880,289.13,289.13,289.13,0.0,289.13,289.13,1,0
575,913,1661.98,1661.98,1661.98,0.0,1661.98,1661.98,1,0
578,696,952.46,952.46,952.46,0.0,952.46,952.46,1,1
583,625,1007.1,1007.1,1007.1,0.0,1007.1,1007.1,1,1
584,798,1094.82,1094.82,1094.82,0.0,1094.82,1094.82,1,0
587,786,761.56,761.56,761.56,0.0,761.56,761.56,1,1
587,913,906.71,906.71,906.71,0.0,906.71,906.71,1,0
589,801,204.14,204.14,204.14,0.0,204.14,204.14,1,0
589,898,1094.83,1094.83,1094.83,0.0,1094.83,1094.83,1,0
590,899,699.88,699.88,699.88,0.0,699.88,699.88,1,1
594,782,666.57,666.57,666.57,0.0,666.57,666.57,1,0
595,762,1123.77,1123.77,1123.77,0.0,1123.77,1123.77,1,1
596,748,1143.91,1143.91,1143.91,0.0,1143.91,1143.91,1,0
596,837,741.23,741.23,741.23,0.0,741.23,741.23,1,1
598,795,1003.7,1003.7,1003.7,0.0,1003.7,1003.7,1,0
598,895,743.75,743.75,743.75,0.0,743.75,743.75,1,0
599,880,412.97,412.97,412.97,0.0,412.97,412.97,1,0
602,926,889.07,889.07,889.07,0.0,889.07,889.07,1,0
603,925,572.99,572.99,572.99,0.0,572.99,572.99,1,0
605,815,317.31,317.31,317.31,0.0,317.31,317.31,1,0
606,776,238.99,238.99,238.99,0.0,238.99,238.99,1,0
608,846,1137.71,1137.71,1137.71,0.0,1137.71,1137.71,1,1
608,902,893.93,893.93,893.93,0.0,893.93,893.93,1,1
608,909,1735.26,1735.26,1735.26,0.0,1735.26,1735.26,1,1
608,918,1407.26,1407.26,1407.26,0.0,1407.26,1407.26,1,1
609,729,1312.79,1312.79,1312.79,0.0,1312.79,1312.79,1,0
611,880,1307.45,1307.45,1307.45,0.0,1307.45,1307.45,1,0
612,920,648.48,648.48,648.48,0.0,648.48,648.48,1,0
613,768,1067.25,1067.25,1067.25,0.0,1067.25,1067.25,1,0
614,705,179.68,179.68,179.68,0.0,179.68,179.68,1,0
614,926,554.0,554.0,554.0,0.0,554.0,554.0,1,0
616,734,1438.72,1438.72,1438.72,0.0,1438.72,1438.72,1,0
617,758,316.68,316.68,316.68,0.0,316.68,316.68,1,0
617,920,1362.97,1362.97,1362.97,0.0,1362.97,1362.97,1,0
622,815,689.71,689.71,689.71,0.0,689.71,689.71,1,0
622,871,358.12,358.12,358.12,0.0,358.12,358.12,1,0
623,926,345.75,345.75,345.75,0.0,345.75,345.75,1,0
625,848,1109.81,1109.81,1109.81,0.0,1109.81,1109.81,1,1
627,920,1044.55,1044.55,1044.55,0.0,1044.55,1044.55,1,0
628,923,1335.42,1335.42,1335.42,0.0,1335.42,1335.42,1,0
631,807,475.94,475.94,475.94,0.0,475.94,475.94,1,1
631,862,597.98,597.98,597.98,0.0,597.98,597.98,1,1
632,707,952.35,952.35,952.35,0.0,952.35,952.35,1,0
633,812,1123.3,1123.3,1123.3,0.0,1123.3,1123.3,1,0
633,816,895.39,895.39,895.39,0.0,895.39,895.39,1,0
634,913,388.45,388.45,388.45,0.0,388.45,388.45,1,0
637,643,339.98,339.98,339.98,0.0,339.98,339.98,1,1
637,822,377.75,377.75,377.75,0.0,377.75,377.75,1,1
641,877,528.8,528.8,528.8,0.0,528.8,528.8,1,0
642,917,647.91,647.91,647.91,0.0,647.91,647.91,1,0
643,916,753.99,753.99,753.99,0.0,753.99,753.99,1,0
644,917,233.82,233.82,233.82,0.0,233.82,233.82,1,0
645,731,1362.67,1362.67,1362.67,0.0,1362.67,1362.67,1,0
651,808,772.65,772.65,772.65,0.0,772.65,772.65,1,0
653,807,893.93,893.93,893.93,0.0,893.93,893.93,1,1
653,862,993.35,993.35,993.35,0.0,993.35,993.35,1,1
655,722,834.32,834.32,834.32,0.0,834.32,834.32,1,0
656,769,1248.82,1248.82,1248.82,0.0,1248.82,1248.82,1,0
659,913,970.71,970.71,970.71,0.0,970.71,970.71,1,0
664,878,909.9,909.9,909.9,0.0,909.9,909.9,1,0
664,926,1164.63,1164.63,1164.63,0.0,1164.63,1164.63,1,0
665,920,1070.33,1070.33,1070.33,0.0,1070.33,1070.33,1,0
669,746,1395.86,1395.86,1395.86,0.0,1395.86,1395.86,1,0
674,811,1120.67,1120.67,1120.67,0.0,1120.67,1120.67,1,0
675,897,593.45,593.45,593.45,0.0,593.45,593.45,1,0
677,786,670.23,670.23,670.23,0.0,670.23,670.23,1,1
678,744,854.66,854.66,854.66,0.0,854.66,854.66,1,0
679,926,292.68,292.68,292.68,0.0,292.68,292.68,1,0
682,765,784.18,784.18,784.18,0.0,784.18,784.18,1,0
685,759,733.19,733.19,733.19,0.0,733.19,733.19,1,0
687,752,1066.35,1066.35,1066.35,0.0,1066.35,1066.35,1,0
688,719,956.39,956.39,956.39,0.0,956.39,956.39,1,0
690,926,611.03,611.03,611.03,0.0,611.03,611.03,1,0
692,707,1343.21,1343.21,1343.21,0.0,1343.21,1343.21,1,1
692,813,507.34,507.34,507.34,0.0,507.34,507.34,1,1
692,819,670.77,670.77,670.77,0.0,670.77,670.77,1,1
696,877,1711.73,1711.73,1711.73,0.0,1711.73,1711.73,1,0
697,814,625.37,625.37,625.37,0.0,625.37,625.37,1,0
709,726,970.74,970.74,970.74,0.0,970.74,970.74,1,1
709,863,961.37,961.37,961.37,0.0,961.37,961.37,1,1
726,835,1061.45,1061.45,1061.45,0.0,1061.45,1061.45,1,1
727,845,908.63,908.63,908.63,0.0,908.63,908.63,1,0
730,906,351.04,351.04,351.04,0.0,351.04,351.04,1,0
733,831,422.09,422.09,422.09,0.0,422.09,422.09,1,0
737,827,893.41,893.41,893.41,0.0,893.41,893.41,1,0
743,762,1222.31,1222.31,1222.31,0.0,1222.31,1222.31,1,1
747,900,1911.08,1911.08,1911.08,0.0,1911.08,1911.08,1,1
749,844,793.96,793.96,793.96,0.0,793.96,793.96,1,0
759,900,904.59,904.59,904.59,0.0,904.59,904.59,1,1
760,856,370.93,370.93,370.93,0.0,370.93,370.93,1,0
766,834,1620.26,1620.26,1620.26,0.0,1620.26,1620.26,1,0
780,832,219.98,219.98,219.98,0.0,219.98,219.98,1,0
792,850,609.4,609.4,609.4,0.0,609.4,609.4,1,0
794,817,1029.37,1029.37,1029.37,0.0,1029.37,1029.37,1,0
797,883,427.46,427.46,427.46,0.0,427.46,427.46,1,0
799,855,1115.37,1115.37,1115.37,0.0,1115.37,1115.37,1,0
799,888,341.18,341.18,341.18,0.0,341.18,341.18,1,0
802,822,419.72,419.72,419.72,0.0,419.72,419.72,1,1
807,851,186.22,186.22,186.22,0.0,186.22,186.22,1,0
809,839,620.45,620.45,620.45,0.0,620.45,620.45,1,0
811,835,316.68,316.68,316.68,0.0,316.68,316.68,1,0
812,837,1362.7,1362.7,1362.7,0.0,1362.7,1362.7,1,0
814,901,696.41,696.41,696.41,0.0,696.41,696.41,1,0
815,882,1378.8,1378.8,1378.8,0.0,1378.8,1378.8,1,0
818,864,661.07,661.07,661.07,0.0,661.07,661.07,1,0
821,896,279.35,279.35,279.35,0.0,279.35,279.35,1,0
822,926,246.64,246.64,246.64,0.0,246.64,246.64,1,0
831,837,667.1,667.1,667.1,0.0,667.1,667.1,1,1
832,923,600.6,600.6,600.6,0.0,600.6,600.6,1,0
835,863,518.19,518.19,518.19,0.0,518.19,518.19,1,1
837,920,1100.81,1100.81,1100.81,0.0,1100.81,1100.81,1,0
839,920,1085.03,1085.03,1085.03,0.0,1085.03,1085.03,1,0
848,912,391.53,391.53,391.53,0.0,391.53,391.53,1,0
850,917,146.98,146.98,146.98,0.0,146.98,146.98,1,0
852,915,300.26,300.26,300.26,0.0,300.26,300.26,1,0
853,891,1050.61,1050.61,1050.61,0.0,1050.61,1050.61,1,0
855,920,787.59,787.59,787.59,0.0,787.59,787.59,1,0
878,881,321.3,321.3,321.3,0.0,321.3,321.3,1,0
879,886,624.2,624.2,624.2,0.0,624.2,624.2,1,0
880,888,1061.69,1061.69,1061.69,0.0,1061.69,1061.69,1,0
884,913,559.05,559.05,559.05,0.0,559.05,559.05,1,0
886,898,260.59,260.59,260.59,0.0,260.59,260.59,1,0
886,919,949.76,949.76,949.76,0.0,949.76,949.76,1,0
906,923,756.71,756.71,756.71,0.0,756.71,756.71,1,0
